incident,command,service name,expansion
0,C:\Windows\system32\pcalua.exe -a C:\Users\user\Desktop\SCCM 2016 Client\ccmsetup.exe -d C:\Users\user\Desktop\SCCM 2016 Client,\Windows\system32\pcalua.exe,exe
0,c:\program files (x86)\hostmonitor\rma-win\rma.exe /service, KS-Soft Remote Monitoring Agent (RMA),exe
0,C:\Windows\System32\drivers\aswSnx.sys,aswSnx,sys
0,c:\program files (x86)\usystem\agentserver\bin\usagent.exe,USystemAgentSystem,exe
1,%SystemRoot%\system32\svchost.exe -k netsvcs -p -s XLServicePlatform,XLServicePlatform 迅雷下载基础服务（用于快速申请磁盘空间及接管浏览器下载请求),exe
1,-,\restart-salt-minion,-
1,C:\Windows\SysWOW64\CZCBPassGuardNew\CZCBPassGuardXInputService.exe,CZCBPassGuardXInputService,xlsx
0,C:\Program Files (x86)\ASUS\AXSP\4.02.15,asComSvc,exe
1,C:\Program Files\BlueStacks_nxt\BstkDrv_nxt.sys,BlueStacks Hypervisor_nxt,sys
0,c:\oracle\ora11\bin\omtsreco.exe,OracleMTSRecoveryService,exe
0,systemroot\system32\drivers\asmtxhci.sys,ASMedia XHCI Service,sys
0,systemroot\system32\drivers\ssudmdm.sys,SAMSUNG  Mobile USB Modem Drivers (DEVGURU Ver),sys
1,C:\WebProjects\TestService2\TestService2\bin\Debug\TestService2.exe,Service1,exe
0,c:\program files\monitel\ck-11\client\logwriter.exe,CK11LogWriterService,exe
0,c:\program files (x86)\microsoft\edge\application\92.0.902.67\elevation_service.exe,c:\program files (x86)\microsoft\edge\application\92.0.902.67\elevation_service.exe,exe
0,C:\Windows\system32\drivers\AsIO3.sys,Asusgio3,sys
0,c:\windows\system32\mlpatch.exe,mlpatch,exe
0,system32\drivers\tib.sys,Acronis TIB Manager,sys
0,c:\windows\system32\hostname.exe,\T1053_005_OnStartup,exe
0,systemroot\system32\driverstore\filerepository\ialpss2_gpio2_tgl.inf_amd64_2546dafe2183e972\ialpss2_gpio2_tgl.sys,Intel(R) Serial IO GPIO Driver v2,sys
0,-,\ClearSpooler15min,-
0,systemroot%\system32\amdfendrsr.exe,amd psp service,exe
1,C:\WINDOWS\system32\OpenWith.exe http://go.microsoft.com/fwlink/?LinkId=286135,\DisplayDhtmlLoggger,exe
1,D:\Programms\RustDesk\RustDesk.exe --service;,RustDesk,exe
0,D:\Programms\RustDesk\RustDesk.exe --import-config C:\Users\User\AppData\Roaming\RustDesk\config\RustDesk.toml,\bro_,exe
0,C:\Program Files\Google\Chrome\Application\chrome.exe -- kiosk http://10.128.50.140/zabbix.php?action=dashboard.view&dashboardid=48,Virtual WiFi Miniport Service,sys
0,systemroot\system32\drivers\vwifimp.sys,UcmCx0101,sys
1,C:\Windows\System32\Drivers\UcmCx.sys,Quick Share Service,exe
0,C:\Program Files\WindowsApps\SAMSUNGELECTRONICSCoLtd.SamsungQuickShare_1.5.37.0_x64__wyx1vj98g3asy\QuickShareService\QuickShareService.exe,Realtek USB FE/GbE NIC Family Windows 10 64-bit Driver,sys
1,systemroot\system32\drivers\rtux64w10.sys,\Christmas Task (One-Time),exe
0,C:\Program Files (x86)\IObit\Driver Booster\10.1.0\xmas.exe /xr,BTHMODEM,sys
0,C:\Windows\System32\drivers\bthmodem.sys,intel(r) management and security application local management service,exe
0,systemroot%\system32\driverstore\filerepository\lms.inf_amd64_fddb643595e0b8d0\lms.exe,\iGoAudioTask,exe
0,C:\Windows\System32\DriverStore\FileRepository\igoaudioservice.inf_amd64_2d423071a7e170b0\iGoSwServer.exe --apo,\MSI Task Host,-
0,iGoSwServer.exe,Intel(R) Management Engine Interface,sys
0,-,TsUsbFlt,sys
0,systemroot\system32\driverstore\filerepository\oem7.inf_amd64_c22251d5ea82b3c3\x64\teedriverw10x64.sys,aswMonFlt,sys
1,C:\Windows\System32\drivers\tsusbflt.sys,ActiveMQ run,exe
1,C:\Windows\System32\drivers\aswMonFlt.sys,C:\Distr\Scripts\Robot\03 Остатки ПСФЛ.vbs,vbs
0,C:\TIRFT\apache-activemq-5.16.1\bin\startcrypt.exe,aswArDisk,sys
0,C:\Distr\Scripts\Robot\03 Остатки ПСФЛ.vbs,Объект автоматизации Kaspersky Security Center 10,exe
1,C:\Windows\System32\drivers\aswArDisk.sys,\Restart EQ-Web-Gate,-
1,c:\program files (x86)\kaspersky lab\kaspersky security center console\klakaut.exe,\WpsExternal_user_20221117093855,exe
1,-,qmbsrv,vbs
1,C:\Users\user\AppData\Local\Kingsoft\WPS Office\11.2.0.11380\office6\wpscloudsvr.exe /wpscloudlaunch /run_plugin /plugin_name=ktaskschdtool /plugin_entry=ktaskschdtool.dll /task=wpsexternal /launchtask /ver=1.0 /start_from=task_external,AppleLowerFilter,sys
0,C:\Program Files (x86)\Tencent\QQPCMgr\16.8.24465.209\qmbsrv.vbs,fgsttooldrv.sys,sys
0,\SystemRoot\System32\drivers\AppleLowerFilter.sys,Core.Agent,exe
1,system32\drivers\fgsttooldrv.sys,\AstralPing,ps1
0,c:\program files (x86)\positive technologies\maxpatrol 10 agent\\agent.exe --config c:\programdata\positive technologies\maxpatrol 10 agent\\config\agent.conf,\AMD\AMD_Radeon_Installer_22.5.1,exe
0,C:\distr\AstralPing\AstralPing.ps1,\ExcelsecuBocAutoRunTask,exe
0,C:\AMD\AMD_Radeon_Installer_22.5.1\\Bin64\InstallManagerApp.exe /LOCAL0 /HIDEEULA /FROMCLEANINSTALL /KEEPUSERSETTINGSSELECTED,\jktAqiDs,exe
0, C:\Program Files (x86)\BOC\USBKEY II\IBank\BOCUK2IBankAdmin.exe /RunMode AutoRun,psexesvc,exe
0,cmd.exe /C netstat -ano > %windir%\Temp\jktAqiDs.tmp 2>&1,FgstULLC,sys
0,%SystemRoot%\PSEXESVC.exe,NdisImPlatform,sys
1,system32\drivers\fgstullc.sys,dg_ssudbus,sys
0,C:\Windows\System32\drivers\NdisImPlatform.sys,\systemroot\system32\drivers\ftdibus.sys,sys
0,\SystemRoot\system32\DRIVERS\ssudbus2.sys,\Used 1C licenses trapper,exe
0,systemroot\system32\drivers\ftdibus.sys,\iGoAudioTask \iGoSwServer.exe --apo \iGoAudioTaskSession,exe
0,C:\Windows\System32\WindowsPowerShell\v1.0\powershell_ise.exe C:\Program Files\zabbix\scripts\session1ctrapper.ps1,TsUsbGD,sys
0,C:\Windows\System32\DriverStore\FileRepository\igoaudioservice.inf_amd64_a696162056f7794b\iGoSwServer.exe --apo,BTHUSB,sys
0,#ИМЯ?,\ASUS Update Checker 2.0,exe
0,C:\Windows\System32\drivers\TsUsbGD.sys,Intel(R) Management Engine Interface,sys
0,C:\Windows\System32\drivers\BTHUSB.sys,Поддержка сканирования WSD,sys
0,C:\Windows\System32\DriverStore\FileRepository\asussci2.inf_amd64_43033c49f353cf19\ASUSSoftwareManager\AsusUpdateChecker.exe,adobe acrobat update service,exe
0,systemroot\system32\driverstore\filerepository\oem7.inf_amd64_c22251d5ea82b3c3\x64\teedriverw10x64.sys,QWAVEdrv,sys
1,systemroot\system32\drivers\wsdscan.sys,\SamsungMagician,ps1
0,c:\program files (x86)\common files\adobe\arm\1.0\armsvc.exe,\NVIDIA GeForce Experience SelfUpdate_{B2FE1952-0186-46C3-BAEC-A80AA35AC5B8},-
0,C:\Windows\system32\drivers\qwavedrv.sys,Logitech RightSound Filter Driver,sys
1,C:\Program Files (x86)\Samsung\Samsung Magician\SamsungMagician.ps1,360Box mini-filter driver,sys
0,-,Intel(R) Capability Licensing Service TCP IP Interface,exe
1,Lvrs64.sys,RDMS,exe
0,C:\Windows\system32\drivers\360Box64.sys,acronis,sys
0,%systemroot%\system32\driverstore\filerepository\iclsclient.inf_amd64_76523213b78d9046\lib\socketheciserver.exe,\FxSound\Update,exe
0,%SystemRoot%\system32\svchost.exe -k NetworkServiceRemoteDesktopPublishing,\VMware Guest OS Customization Task,exe
1,system32\drivers\snapman.sys,equipment-gateway-module,exe
0,C:\Program Files\FxSound LLC\FxSound\updater.exe /silent,Intel(R) Graphics Command Center Service,-
0,C:\Windows\TEMP\vmw31CA.tmp1001\guestcustutil.exe post-run HandleCustomizationCompleted,VSStandardCollectorService150,exe
0,C:\equipment-web-app\backend\workDir\gateway-module\equipment-gateway-module.exe,alsysio64.sys,sys
1,-,Запуск скрипта EQ,txt
0,C:\Program Files (x86)\Microsoft Visual Studio\Shared\Common\DiagnosticsHub.Collection.Service\StandardCollector.Service.exe,intcdaud.sys,sys
1,c:\users\user\appdata\local\temp\alsysio64.sys,AutoScsiService,sys
0,C:\TEMP\eqscript\eqfiles.txt,\windows\system32\pcalua.exe,exe
0,systemroot\system32\drivers\intcdaud.sys,Citrix USB Monitor Driver,sys
0,C:\WINDOWS\system32\zzxaqwe.sys C:\WINDOWS\SYSTEM32\CZCBBA~2.DLL,ccmsetup.exe,exe
1,C:\windows\system32\pcalua.exe -a c:\Program Files (x86)\Microsoft SQL Server\100\Setup Bootstrap\Release\x86\SetupARP.exe -c /X86,Служба Удаленного рабочего стола Chrome,exe
0,systemroot\system32\drivers\ctxusbm.sys,\Windows\System32\WindowsPowerShell\v1,exe
0,c:\windows\ccmsetup\ccmsetup.exe /runservice PC.DOMAIN.COM smssitecod=aes fsp=app-aes-096.aes.netcom.corp /retrywintask:1,\NvNodeLauncher_{B2FE1952-0186-46C3-BAEC-A80AA35AC5B8},-
0,C:\Program Files (x86)\Google\Chrome Remote Desktop\116.0.5845.9\remoting_host.exe --type=daemon --host-config=C:\ProgramData\Google\Chrome Remote Desktop\host.json,\Optimize Push Notification Data File-User,-
1,C:\Windows\System32\WindowsPowerShell\v1.0\powershell.exe -File C:\schedule\mimSyncDelta.ps1,HelpuHostService,bat
1,-,AD Computers Move FIL,ps1
0,-,\Перезагрузка в 7.30 на узле PC.DOMAIN.COM,exe
0,C:\Users\Public\Documents\HelpU\HelpULauncher\HelpuHostSvr.bat,rdpbus,sys
0,C:\Scripts\AD_Computers_Move_FIL\Move_fil_PCs_to_OU.ps1,RasSstp,sys
1,C:\Windows\System32\shutdown.exe -r,\pop3_syncsort_postgres,bat
0,C:\Windows\System32\drivers\rdpbus.sys,GENERICDRV,sys
0,C:\Windows\System32\drivers\rassstp.sys,wdiwifi,sys
0,D:\pop\syncsort_alerts_postgres.bat,realtek pcie card reader - per,sys
0,c:\users\user~1\appdata\local\temp\amifldrv64.sys,\CCleanerCrashReporting,exe
0,C:\Windows\System32\DRIVERS\wdiwifi.sys,Сетевой адаптер Realtek Wireless LAN 802.11n USB 2.0,sys
0,SystemRoot\System32\drivers\RtsPer.sys,lhidfilt.sys,sys
0,C:\Program Files\CCleaner\CCleanerBugReport.exe --product 90 --send dumps|report --path C:\Program Files\CCleaner\LOG --programpath C:\Program Files\CCleaner --configpath C:\Program Files\CCleaner\Setup --guid 6af5b541-fc36-4929-be3d-ac8f5cbc3a87 --version 6.04.10044 --silent,igfx,sys
1,systemroot\system32\drivers\rtwlanu_oldic.sys,QQSysMonX64,sys
0,systemroot\system32\drivers\lhidfilt.sys,\restart-wacsm,exe
0,systemroot\system32\driverstore\filerepository\iigd_dch.inf_amd64_dc29bdfd478be046\igdkmd64.sys,aswRdr,sys
1,C:\Program Files (x86)\Tencent\QQPCMgr\16.8.24465.209\QQSysMonX64_EV.sys,WireGuard Manager,py
0,C:\Windows\System32\WindowsPowerShell\v1.0\powershell.exe -File C:\schedule\restart-wacsm.ps1,dlcdcncm,sys
0,WACSM - Office Online Server,\Used 1C licenses trapper,exe
0,C:\Windows\System32\drivers\aswRdr2.sys, Intel(R) SGX AESM,exe
0,C:\Program Files\WireGuard\wireguard.py,\MIR\OPCServerV30\ServerOm3.exe,exe
0,systemroot\system32\drivers\dlcdcncm660.sys,\VMware Guest OS Customization Task,-
1,C:\Windows\System32\WindowsPowerShell\v1.0\powershell_ise.exe C:\Program Files\zabbix\scripts\session1ctrapper.ps1,6EVJcQ5c,exe
0,systemroot%\system32\driverstore\filerepository\sgx_psw.inf_amd64_b117548b2e075ba1\aesm_service.exe,npcap packet driver (npcap),sys
0,D:\MIR\OPCServerV30\ServerOm3.exe,scfilter,sys
0,-,WUDFWpdFs,sys
0,"%COMSPEC% /Q /c cMd.eXE /Q /c for /f tokens=1,2 delims=  ^%A in ('tasklist /fi Imagename eq lsass.exe | find lsass') do rundll32.exe C:\windows\System32\comsvcs.dll, #+0000^24 ^%B \Windows\Temp\6HZDiTYr.txt full",\MSITechPulseUpdater,exe
0,SystemRoot\system32\DRIVERS\npcap.sys,tbtsvc.exe,exe
0,C:\Windows\System32\DRIVERS\scfilter.sys,total network inventory 2 audit service,exe
0,C:\Windows\system32\DRIVERS\WUDFRd.sys,Intel(R) PRO/1000 PCI Express Network Connection Driver I,sys
0,C:\Program Files (x86)\Hewlett-Packard\HP Touchpoint Manager\Tools\TAInstaller.exe --install --deployer,\NvTmRep_CrashReport4_{B2FE1952-0186-46C3-BAEC-A80AA35AC5B8},-
0,c:\program files (x86)\intel\thunderbolt software\tbtsvc.exe,UcmUcsiAcpiClient,sys
1,systemroot%\tniwinagent\tniwinagent.exe,\rpa.reports_on_individuals,cmd
0,systemroot\system32\drivers\e1i63x64.sys,\StartCN,-
1,-,ActiveMQ run,bat
0,C:\Windows\System32\drivers\UcmUcsiAcpiClient.sys,\WINDOWS\system32\pcalua.exe,exe
1,C:\rpa\rpa.reports_on_individuals\venv\Scripts\assdqwezadr.cmd src\robot.py run_supervisor,360AvFlt mini-filter driver,sys
0,-,Dfsc,sys
0,C:\TIRFT\apache-activemq-5.16.1\bin\startcrypt.bat,драйвер адаптера минипорта для туннеля microsoft,sys
0,C:\WINDOWS\system32\pcalua.exe -a \\vld-fs08\Distr_DIT\,Устройства Bluetooth (личной сети),sys
1,C:\Windows\system32\drivers\360AvFlt.sys,C:\Program Files (x86)\LTV-NVMS lite\Server\TVWallServer.exe,exe
0,C:\Windows\System32\Drivers\dfsc.sys,btobto,bat
0,systemroot\system32\drivers\tunnel.sys,WdFilter,sys
1,systemroot\system32\drivers\bthpan.sys,проверка сертификатов Забикс на этом пк,ps1
0,C:\Program Files (x86)\LTV-NVMS lite\Server\TVWallServer.exe,filezilla-server,exe
0,%comspec% /q /c echo cd  ^> \\127.0.0.1\c$\__output 2^>^&1 > %temp%\execute.bat & %comspec% /q /c %temp%\execute.bat & del %temp%\execute.bat, intel(r) serial io gpio driver v2,sys
1,C:\Windows\system32\drivers\WdFilter.sys,ZhuDongFangYu,exe
0,C:\Program Files\ZUserix Agent\certmonitor\GetCertFromURL.ps1,\vuZvuyHS,exe
0,c:\program files\filezilla server\filezilla-server.exe,\AsusSystemAnalysis_754F3273-0563-4F20-B12F,exe
0,systemroot\system32\driverstore\filerepository\ialpss2_gpio2_cnl.inf_amd64_d920c2a844f26eba\ialpss2_gpio2_cnl.sys,Аудио Intel(R) для дисплеев,-
0,C:\Program Files (x86)\360\360Safe\deepscan\zhudongfangyu.exe,iaStorE,sys
0,cmd.exe /C query user > %windir%\Temp\RxOVeyhI.tmp 2>&1 cmd.exe /C netstat -ano > %windir%\Temp\vuZvuyHS.tmp 2>&1,\IPTHTZbW,exe
0,C:\Windows\System32\DriverStore\FileRepository\asussci2.inf_amd64_aeff025f0108fb44\ASUSSystemAnalysis\AsusSystemAnalysis.exe -j0,\RtkAudUService64_BG,exe
0,-,\NvNodeLauncher_{B2FE1952-0186-46C3},-
0,system32\drivers\iastore.sys,iwdbus.sys,sys
1,c:\windows\temp\SearchIndex.exe -orwuhg478hdbg3RGJURFHJR7sb52gvw65bsgw2dg > %windir%\Temp\IPTHTZbW.tmp 2>&1,Bonjour Service,bat
0,cmd.exe /C tasklist /svc > %windir%\Temp\bMROvwWY.tmp 2>&1,system32\drivers\klramdisk.sys,sys
0,cmd.exe /C tasklist /svc > %windir%\Temp\RCAAcqIo.tmp 2>&1,\create-guest-wifi,exe
1,C:\ProgramData\debug\SearchIndex.exe,WiMan Service,sys
0,Searchindexer.exe,officeclicktorun,exe
1,C:\Windows\System32\RtkAudUService64.exe -background,LxssManagerUser_ee2e1,vbs
1,-,"小贝加速服务
主动防御",exe
0,systemroot\system32\drivers\iwdbus.sys,Aladdin IFD Handler,sys
0,C:\IDIS Center\Client\mDNSResponder.bat,\CCleanerCrashReporting,exe
1,system32\drivers\klramdisk.sys,\AD Топ-менеджеры Add Users,ps1
0,C:\Windows\script\PHP\php.exe ‪C:\Windows\script\create-guest-wifi.php.,hpprintscandoctorservice,exe
1,\SystemRoot\System32\DriverStore\FileRepository\wiman.inf_amd64_27a3cc149d006219\WiManHu\WiManHu.sys,zpmon_drv,sys
0,c:\program files\common files\microsoft shared\clicktorun\officeclicktorun.exe /service,epklibproxy,sys
1,C:\Windows\system32\ssdqqwe.vbs,обновление компонентов ПО Microsoft Visual Studio,exe
0,C:\Program Files (x86)\360SPTray\360SPService.exe,\Ascon.AU.ControlCenter,exe
0,systemroot\system32\drivers\aldnifdh.sys,Sense,exe
0,C:\Program Files\CCleaner\CCleanerBugReport.exe --product 90 --send dumps|report --path C:\Program Files\CCleaner\LOG --programpath C:\Program Files\CCleaner --configpath C:\Program Files\CCleaner\Setup --guid bb734577-43f5-4160-92b2-b477bb57832c --version 6.04.10044 --silent,mst64_4.18.0,sys
0,C:\Scripts\Top_Managers_Group\Top_Managers_Group_User.ps1,WSDPrintDevice,sys
0,c:\program files\hpprintscandoctor\hpprintscandoctorservice.exe,kneps,sys
0,C:\WINDOWS\system32\Drivers\zpmon_drv.sys,Logicool SetPoint KMDF HID Filter Driver,sys
0,c:\windows\system32\drivers\epklibproxy.sys,\TVT\TVSUUpdateTask,exe
0,C:\Program Files (x86)\Microsoft Visual Studio 14.0\Common7\IDE\VSIXAutoUpdate.exe,rhproxy,sys
0,C:\Program Files (x86)\ASCON\ASCON Services\Ascon.AU.ControlCenter.exe,vwififlt,sys
0,C:\Program Files\Windows Defender Advanced Threat Protection\MsSense.exe,AVP.KES.21.9,exe
1,c:\users\user~1\appdata\local\temp\2\86ba0902-6f7c-44eb-92a3-a30f252f9825\nic_mellanox_cx4_firmware\mst64.sys,TcHardWare,sys
0,systemroot\system32\drivers\wsdprint.sys,\Kontur.Plugin.Assistant-v3,-
0,C:\Windows\system32\DRIVERS\kneps.sys,igfx,sys
1,systemroot\system32\drivers\lhidfilt.sys,zne_tdi_proxy,vbs
0,"C:\Program Files (x86)\Lenovo\System Update\tvsuShim.exe /CM -search R -action INSTALL -includerebootpackages 1,3,4,5 -noicon -noreboot -nolicense -defaultupdate -schtask",Check Point Endpoint Client Watchdog,exe
1,C:\Windows\System32\drivers\rhproxy.sys,\rpa.reports_on_individuals,-
1,C:\Windows\System32\drivers\vwififlt.sys,\KLPkInst_5dce3511-7fee-41b4-9b12-0a45b575a265,-
1,C:\Program Files (x86)\Kaspersky Lab\KES.12.0.0\avp.exe,worldoftanks.exe,exe
0,C:\Program Files (x86)\Tencent\QQPCMgr\13.10.21936.216\QQPCHW-x64_ev.sys,\AsusSystemAnalysis_754F3273-0563-4F20-B12F,exe
0,-,\Автотест на узле PC.DOMAIN.COM,bat
0,systemroot\system32\driverstore\filerepository\iigd_dch.inf_amd64_dc29bdfd478be046\igdkmd64.sys,fjtwsvic,exe
0,C:\WINDOWS\system32\Drivers\zne_tdi_proxy.vbs,aswSP,sys
1,c:\program files (x86)\checkpoint\endpoint connect\watchdog\epwd.exe.,\rpa.lotus_egrn_robot,exe
1,-,avast! Tools,exe
0,-,MRxDAV,sys
0,С:\todo\tanki\win64\worldoftanks.exe,Intel(R) Content Protection HECI Service,exe
0,С:\todo\lesta\gamecenter\dlls\lgc_renderer_host.exe,RasAgileVpn,sys
0,C:\Windows\System32\DriverStore\FileRepository\asussci2.inf_amd64_5e38ce8081e93b46\ASUSSystemAnalysis\AsusSystemAnalysis.exe -j0,Intel(R) PRO/1000 PCI Express Network Connection Driver D,sys
0,C:\_My_Files\Work\2. Testing\0. Setup\Autorun\Script.bat,\NvTmRep_CrashReport1_{B2FE1952-0186-46C3-BAEC-A80AA35AC5B8},-
0,C:\Windows\wain_32\Fjicube\FJTWSVIC.exe,\Archive_security_log,bat
1,C:\Windows\Twain_32\fjicube\fjtwsvic.exe,PSEXESVC,ps1
1,C:\Windows\System32\drivers\aswSP.sys,\pop3_test,ps1
0,C:\rpa\rpa.lotus_egrn_robot\venv\Scripts\pythonw.exe src\robot.py,kaspersky secure connection service 5.14,exe
0,C:\Program Files\Avast Software\Avast\aswToolsSvc.exe,googleupdater,exe
1,C:\Windows\system32\drivers\mrxdav.sys,Zservice 1.5,ps1
0,systemroot%\system32\driverstore\filerepository\oem6.inf_amd64_1f87eb04e8ab15c8\intelcphecisvc.exe,PEAUTH,sys
0,C:\Windows\System32\drivers\AgileVpn.sys,\MMReminderService,exe
1,systemroot\system32\driverstore\filerepository\e1d.inf_amd64_f3c6513565231a23\e1d.sys,ActiveCB,exe
0,-,ROG Live Service,exe
0,C:\Scripts\archive_security_log.bat,\DockerAutoStart,exe
0,Выполнение: archive_security_log | forfiles -p C:\Windows\System32\winevt\Logs\ArchiveSecurity -s -m *.rar -d 90 -c cmd /c del @path,\asus\gpufanhelper,exe
1,%programfiles%\winrar\WinRAR.exe a -m5 -df C:\Windows\System32\winevt\Logs\ArchiveSecurity\Security%date%.rar C:\Windows\System32\winevt\Logs\Archive-Security*.evtx,\SIEBEL\Delete Temp Daily,bat
0,%SystemRoot%\PSEXESVC.ps1,Zone Alarm Firewall Driver,sys
1,D:\pop\syncsort_alerts1.ps1,TSSysKit,py
0,C:\Program Files (x86)\Kaspersky Lab\Kaspersky Secure Connection 5.14\ksde.exe,lxssmanageruser_2696fc12,exe
0,"c:\program files (x86)\google\googleupdater\117.0.5860.0\updater.exe --system --windows-service --service=update --enable-logging --vmodule=*/components/winhttp/*=1,*/components/update_client/*=2,*/chrome/updater/*=2", Microsoft Edge Elevation Service,exe
0,C:\Program Files\Common Files\SecurIT\zservice15.ps1,\UninstallTool_SkipUAC_Администратор,exe
0,C:\Windows\System32\drivers\peauth.sys,Intel(R) PRO/1000 PCI Express Network Connection Driver D,sys
0,C:\Program Files\Mindjet\MindManager 18\MmReminderService.exe,Net Driver HPZ12,exe
0,C:\Windows\System32\WindowsPowerShell\v1.0\powershell.exe C:\ActiveCB\ActiveCB.exe,\Windows\system32\pcalua.exe,exe
1,C:\Program Files\ASUS\ROG Live Service\ROGLiveService.exe,winvnc.exe,exe
0,C:\Program Files\Docker\Docker\Docker Desktop.exe,Аудио драйвер USB (WDM),-
0,Docker,NetGroup Packet Filter Driver,exe
0,C:\Program Files (x86)\ASUS\AI Suite III\DIP4\GpuFanHelper.exe C:\Program Files (x86)\ASUS\AI Suite III\AISuite3.exe -schedule C:\Program Files (x86)\ASUS\AI Suite III\DIP4\DIPAwayMode\DipAwayMode.exe,\systemroot\system32\drivers\ftser2k.sys,sys
0,E:\Siebel\UTILS\Clean_temp.bat,\bro_,exe
0,systemroot\system32\drivers\vsdatant.sys,\JVBmJwAZ \kcLyQpnR \UVAtfcnK \FnMSjQAJ,exe
0,C:\Program Files (x86)\Tencent\QQPCMgr\13.10.21936.216\TSSysKit64_EV.py,\MMReminderService,-
1,c:\windows\system32\svchost.exe -k lxssmanageruser -p,\Clear AD From Objects User,vbs
1,c:\program files (x86)\microsoft\edge\application\89.0.774.68\elevation_service.exe,360Safe HVM,sys
0,C:\Program Files\Uninstall Tool\UninstallTool.exe $(Arg0) /tasksch ,npcap packet driver (npcap),exe
0,systemroot\system32\driverstore\filerepository\oem15.inf_amd64_c9091335babbf02e\e1d68x64.sys ,Intel(R) Wireless Adapter Driver for Windows 10 - 64 Bit,sys
0,systemroot%\system32\svchost.exe ,intel(r) dynamic application loader host interface service,exe
0,C:\Windows\system32\pcalua.exe -a C:\Windows\ccmsetup\ccmsetup.exe -d C:\Windows\ccmsetup,iastore.sys,sys
0,C:\Program Files\uvnc bvba\UltraVnc\winvnc.exe -service_run,microsoft edge elevation service,exe
0,C:\Program Files\uvnc bvba\UltraVnc\winvnc.exe -service,c:\users\user~1\appdata\local\temp\amifldrv64.sys,sys
0,-,\Used 1C licenses trapper,ps1
1,c:\program files (x86)\релематика\микра\drivers\bresleropcdaserver.exe -w -oldstyle,Service1,vbs
0,systemroot\system32\drivers\ftser2k.sys,hp application driver,sys
1,C:\Program Files\Google\Chrome\Application\chrome.exe --kiosk http://PC/d/A3vRoFN7k/average-events?orgId=1&refresh=30s. ,PluginService,bat
0, cmd.exe /C net user > %windir%\Temp\FnMSjQAJ.tmp 2>&1 cmd.exe /C dir c:\users > %windir%\Temp\kcLyQpnR.tmp 2>&1 cmd.exe /C tasklist /svc > %windir%\Temp\UVAtfcnK.tmp 2>&1 cmd.exe /C net user > %windir%\Temp\FnMSjQAJ.tmp 2>&1,tunnel,sys
0,-,rtkbtmanserv,exe
0,C:\Scripts\Clear_AD_From_Objects_User\Clear_AD_From_Objects_User.vbs,\CCleanerCrashReporting,exe
1,System32\Drivers\360Hvm64.sys,000000B4A613B2084633602,exe
0,C:\Windows\system32\cmd.exe /Q /c echo tasklist ^> \\127.0.0.1\C$\__output 2^>^&1 > C:\Windows\TEMP\execute.bat & C:\Windows\system32\cmd.exe /Q /c C:\Windows\TEMP\execute.bat & del C:\Windows\TEMP\execute.bat,\TechPulseUpdater,exe
1,systemroot\system32\drivers\netwtw06.sys,Cwbrxd ,vbs
0,systemroot%\system32\driverstore\filerepository\oem18.inf_amd64_b5484efd38adbe8d\jhi_service.exe,\\Перезагрузка ПК после,-
0,system32\drivers\iastore.sys,kl1,sys
1,c:\program files (x86)\microsoft\edge\application\92.0.902.67\elevation_service.exe,TSSysKit,sys
1,c:\users\user~1\appdata\local\temp\amifldrv64.sys,AlarmServerApp,exe
0,C:\Scripts\Clean_Exchange_log.ps1,microsoft bluetooth a2dp driver,sys
0,c:\windows\system32\drivers\fgstullc.sys,fgstullc.sys ,sys
1,C:\WebProjects\TestService2\TestService2\bin\Debug\TestService2.vbs,Cwbrxd ,exe
0,SystemRoot\System32\DriverStore\FileRepository\hpcustomcapdriver.inf_amd64_a955fa431e522f5e\x64\hpcustomcapdriver.sys,wanarp,sys
0,C:\Program Files\NetIPCamera\PluginService.bat,Intel(R) PRO/1000 PCI Express Network Connection Driver I,sys
1,C:\Windows\System32\drivers\tunnel.sys,Запуск скрипта EQ,vbs
1,systemroot%\rtkbtmanserv.exe,\Cronos,exe
0,C:\Program Files\CCleaner\CCleanerBugReport.exe --product 90 --send dumps|report --path C:\Program Files\CCleaner\LOG --programpath C:\Program Files\CCleaner --configpath C:\Program Files\CCleaner\Setup --guid 0bcbdde1-d48b-4614-b2f2-ea8aea71bb8a --version 6.04.10044 --silent,\NvProfileUpdaterDaily_{B2FE1952-0186-46C3-BAEC-A80AA35AC5B8},-
0,C:\Tools\SunloginClientSOS_1.2.1.58835_x64.exe --mod=servicesvc, Intel(R) Wireless Bluetooth®,sys
0,C:\Program Files (x86)\Hewlett-Packard\HP Touchpoint Manager\Tools\TAInstaller.exe --install --deployer,Check Point Virtual Network Adapter - Apollo,sys
0,C:\WINDOWS\cwbrxd.vbs,\CCleanerCrashReporting,exe
0,shutdown -r -t 0,MsLldp,sys
1,system32\drivers\kl1.sys,C:\Temp\nprintingscript\nprintingcount.ps1,ps1
0,C:\Program Files (x86)\Tencent\QQPCMgr\13.10.21936.216\TSSysKit64_EV.sys,\T1053_005_OnStartup',-
0,C:\Program Files (x86)\LTV-NVMS lite\Server\AlarmServer.exe,aswRvrt,sys
0,systemroot\system32\drivers\btha2dp.sys,aswbidsh,sys
0,c:\windows\system32\drivers\fgstullc.sys,BthEnum,sys
0,C:\WINDOWS\cwbrxd.exe,xboxgip,sys
0,C:\Windows\System32\DRIVERS\wanarp.sys,ccmsetup,-
0,systemroot\system32\drivers\e1i63x64.sys,Драйвер звука гарнитуры Microsoft Bluetooth,sys
0,C:\TEMP\eqscript\eqfiles.vbs,intcdaud.sys,sys
0,E:\Base\CronosPlusUser\ProSrv.exe,\NvTmRep_CrashReport3_{B2FE1952-0186-46C3-BAEC-A80AA35AC5B8},-
1,-,Mediatek PCI LE Extensible Wireless LAN Card Driver,sys
0,systemroot\system32\driverstore\filerepository\ibtusb.inf_amd64_cef9c75b00b2f9b4\ibtusb.sys ,Zoho Assist-Remote Support,exe
0,systemroot\system32\drivers\vnaap.sys,bcmfn2,sys
0,C:\Program Files\CCleaner\CCleanerBugReport.exe --product 90 --send dumps|report --path C:\Program Files\CCleaner\LOG --programpath C:\Program Files\CCleaner --configpath C:\Program Files\CCleaner\Setup --guid 6af5b541-fc36-4929-be3d-ac8f5cbc3a87 --version 6.04.10044 --silent.,NetBT,sys
0,C:\Windows\System32\drivers\mslldp.sys,Аудио драйвер USB (WDM),sys
0,C:\Temp\nprintingscript\nprintingcount.ps1,btobto,exe
0,-,rtkauduservice64.exe,exe
1,C:\Windows\System32\drivers\aswRvrt.sys,\User_and_FIL_User_Changes_From_SQL,bat
0,C:\Windows\System32\drivers\aswbidsh.sys,Драйвер адаптера Intel(R) Wireless для Windows 10 64 Bit,sys
0,C:\Windows\System32\drivers\BthEnum.sys,\AsusSystemAnalysis_754F3273-0563-4F20-B12F,exe
0,C:\Windows\System32\drivers\xboxgip.sys,aswVmm,sys
0,-,NativeWifiP,sys
0,systemroot\system32\drivers\bthhfaud.sys,\ASR-Startup.,exe
0,systemroot\system32\drivers\intcdaud.sys,\WpsExternal_EBadula_20220823122333,exe
0,-,Bresler SPAOPCServer,exe
0,\SystemRoot\System32\drivers\mtkwlex.sys,Aladdin IFD Handler,sys
1,C:\Program Files (x86)\ZohoMeeting\ZAService.exe run -SessionType ASSIST -productID 1,\rpa.reports_on_individuals.,py
0,C:\Windows\System32\drivers\bcmfn2.sys,FgstToolDrv,sys
0,C:\Windows\System32\DRIVERS\netbt.sys,\{6D459504-73F3-4BB1-A2B3,exe
0,systemroot\system32\drivers\usbaudio.sys,K-11 Autoupdate service,exe
1,C:\Windows\system32\cmd.exe /Q /c echo tasklist ^> \\127.0.0.1\C$\__output 2^>^&1 > C:\Windows\TEMP\execute.bat & C:\Windows\system32\cmd.exe /Q /c C:\Windows\TEMP\execute.bat & del C:\Windows\TEMP\execute.bat,\Report NewUsers Last24,ps1
0,systemroot%\system32\driverstore\filerepository\realtekservice.inf_amd64_3a95f53a763a6ba1\rtkauduservice64.exe,Intel(R) PRO/1000 PCI Express Network Connection Driver,sys
0,C:\Scripts\User_and_FIL_User_Changes_From_SQL\User_and_FIL_User_Changes_From_SQL.bat,\TVT\TVSUUpdateTask_UserLogOn,exe
0,systemroot\system32\drivers\netwtw10.sys,klpnpflt.KES-21-9,sys
0,C:\Windows\System32\DriverStore\FileRepository\asussci2.inf_amd64_6d80c4e5e6c9db97\ASUSSystemAnalysis\AsusSystemAnalysis.exe -j0,"\SputnikUpdateTaskMachineCore
\SputnikUpdateTaskMachineUA",exe
1,C:\Windows\System32\drivers\aswVmm.sys,MOXA UPort 1110/1130/1150 Windows Driver,vbs
0,C:\Windows\System32\DRIVERS\nwifi.sys,Intel(R) Serial IO UART Driver v2.,sys
1,C:\Program Files (x86)\Advanced System Repair Pro 1.9.9.2.0\AdvancedSystemRepairPro.exe /minimize,ComputerZ_x64,sys
0,C:\Users\EBadula\AppData\Local\Kingsoft\WPS Office\11.2.0.11254\office6\wpscloudsvr.exe /wpscloudlaunch /run_plugin /plugin_name=ktaskschdtool /plugin_entry=ktaskschdtool.dll /task=wpsexternal /launchtask /ver=1.0 /start_from=task_external, Realtek USB FE/GbE NIC Family Windows 10 64-bit Driver,-
0,WPS Office,HP Support Solutions Framework Service,exe
0,c:\program files (x86)\релематика\микра\drivers\spaopcserver.exe /w.,Intel® PROSet/Wireless Service,exe
0,systemroot\system32\drivers\aldnifdh.sys,"	Intel(R) Capability Licensing Service TCP IP Interface",exe
1,C:\rpa\rpa.reports_on_individuals\venv\Scripts\pythonw.py src\robot.py,PBF Proxy Servic,vbs
0,system32\drivers\fgsttooldrv.sys,"\AnVir Task Manager
\Anvirlauncher",exe
1,C:\Users\user\AppData\Local\Microsoft\Teams\Update.exe,\AppId update task for siem.core.25.0.4497.883f41e13cd5897278d12e186c2ebed1,ps1
0,c:\program files\monitel\ck-11\client\autoupdaterservice.exe,Algorius Net Viewer Service,exe
1,C:\Scripts\ReportNewUsers\Last24NewUsers.ps1,equipment-event-handler-module,exe
1,systemroot\system32\drivers\e1i65x64.sys,Outbyte Driver Updater,sys
0,"C:\Program Files (x86)\Lenovo\System Update\tvsuShim.exe /CM -search R -action INSTALL -includerebootpackages 1,3,4,5 -noicon -noreboot -nolicense -defaultupdate -schtask",klids.KES-21-9,sys
0,C:\Windows\system32\DRIVERS\KES-21-9\klpnpflt.sys,Citrix USB Monitor Driver,-
0,C:\Program Files (x86)\Sputnik\Update\SputnikUpdate.exe /c C:\Program Files (x86)\Sputnik\Update\SputnikUpdate.exe /ua /installsource scheduler,"klhk
klflt",sys
1, \SystemRoot\System32\drivers\mxuwdrv2.vbs,\rpa.incoming_bank_documents,cmd
0,systemroot\system32\driverstore\filerepository\ialpss2_i2c_cnl.inf_amd64_666eecf21665eb26\ialpss2_i2c_cnl.sys,\ASUS\ASUSUpdateTaskMachineCore1d8bd92f08e47ef,exe
0,C:\Program Files (x86)\Ludashi\ComputerZ_x64.sys,Virtual WiFi Miniport Service,sys
1,-,LxssManagerUser_d9cde,exe
0,c:\program files (x86)\hewlett-packard\hp support solutions\hpsupportsolutionsframeworkservice.exe,grdusb,sys
0,c:\windows\system32\driverstore\filerepository\piecomponent.inf_amd64_7ad571204ec9fcd3\intel_pie_service.exe.,\Update for Yandex Telemost,exe
0,intel_pie_service.exe ,\RtkAudUService64_BG,exe
1,SystemRoot%\System32\DriverStore\FileRepository\iclsclient.inf_amd64_76523213b78d9046\lib\SocketHeciServer.exe,\Chrome_Terminate,exe
0,C:\POSConnector\PbfProxy\PbfProxy.vbs --svc,cdfs,sys
1,C:\Program Files (x86)\AnVir Task Manager Free\anvir.exe Minimized C:\Program Files (x86)\AnVir Task Manager Free\anvirlauncher.exe,MongoDB Server,exe
1,C:\salt\salt-call --local state.ps1 states.get_app_id queue=True saltenv=siem.core.25.0.4497.883f41e13cd5897278d12e186c2ebed1,\Clear_IIS_Logs,ps1
0,c:\program files\algorius\netviewer\netviewerservice.exe,\CCleanerCrashReporting,exe
0,C:\equipment-web-app\backend\workDir\event-handler-module\equipment-event-handler-module.exe,klelam,sys
0,C:\Program Files (x86)\Outbyte\Driver Updater\DriverUpdater.sys,BTHPORT,sys
0,C:\ProgramData\Kaspersky Lab\KES.21.9\Bases\klids.sys,MsSecCore,sys
0,-,\CCleanerCrashReporting.,exe
1,\systemroot\system32\drivers\klhk.sys \systemroot\system32\drivers\klpnpflt.sys \systemroot\system32\drivers\klflt.sys,Digi AnywhereUSB Manager,vbs
0,C:\rpa\rpa.incoming_bank_documents\venv\Scripts\pythonw.exe src\robot.cmd run_supervisor,\AsusSystemAnalysis_754F3273-0563-4F20-B12F,-
0,C:\Program Files (x86)\ASUS\Update\AsusUpdate.exe /c.,\Intel\Intel(R) Optane(TM) Memory - Volume Optimization,-
0,systemroot\system32\drivers\vwifimp.sys,klupd_KES-21-9_mark,sys
0,C:\Windows\system32\svchost.exe -k LxssManagerUser -p,"CK11SupervisorSvc
CK11LogWriterService",exe
0,SystemRoot\system32\DRIVERS\grdusb.sys,pdf24,exe
0,C:\Users\user\AppData\Roaming\Yandex\YandexTelemost\1.0.30.1054\YandexTelemost.exe --background-update,Служба Google Update (gupdate),exe
0,C:\WINDOWS\System32\DriverStore\FileRepository\realtekservice.inf_amd64_d92d7bec4b020758\RtkAudUService64.exe -background.,intel(r) content protection hdcp service,exe
0,C:\Windows\1C_Task\Chrome_terminate.exe,ASCON,exe
0,C:\Windows\System32\DRIVERS\cdfs.sys,\DSSL\SynchronizeTime,exe
0,C:\Program Files\MongoDB\Server\5.0\bin\mongod.exe ,fjtwsvic.exe,exe
1,C:\Scripts\Clear_IIS_Logs.ps1,0000009F797FB108607019797,exe
1,C:\Program Files\CCleaner\CCleanerBugReport.exe --product 90 --send dumps|report --path C:\Program Files\CCleaner\LOG --programpath C:\Program Files\CCleaner --configpath C:\Program Files\CCleaner\Setup --guid bb734577-43f5-4160-92b2-b477bb57832c --version 6.04.10044 --silent,cpuz136,sys
0,C:\Windows\System32\DRIVERS\klelam.sys,\NVIDIA GeForce Experience SelfUpdate_{B2FE1952-0186-46C3-BAEC-A80AA35AC5B8} \NvBatteryBoostCheckOnLogon_{B2FE1952-0186-46C3-BAEC-A80AA35AC5B8} \NvTmRep_CrashReport2_{B2FE1952-0186-46C3-BAEC-A80AA35AC5B8} \NvTmRep_CrashReport3_{B2FE1952-0186-46C3-BAEC-A80AA35AC5B8} \NvTmRep_CrashReport1_{B2FE1952-0186-46C3-BAEC-A80AA35AC5B8},exe
1,C:\Windows\System32\drivers\BTHport.sys,TurboCleanerMonitorSkipUAC,exe
1,C:\Windows\System32\drivers\msseccore.sys,Wildfly,exe
1,C:\\Program Files\\CCleaner\\CCleanerBugReport.exe</Command>\r\n      <Arguments>--product 90 --send dumps|report --path \C:\\Program Files\\CCleaner\\LOG\ --programpath \C:\\Program Files\\CCleaner\ --configpath \C:\\Program Files\\CCleaner\\Setup\ --guid \bb734577-43f5-4160-92b2-b477bb57832c\ --version \6.04.10044\ --silent,CZCBPassGuardXInputService,exe
0,C:\Program Files\Digi\AnywhereUSBManager\awusbmanager.vbs -s,IndirectKmd,sys
0,-,PptpMiniport,sys
0,-,\ClearLogExchange,ps1
1,C:\Windows\System32\Drivers\klupd_KES-21-9_mark.sys,C:\Program Files\1cv8\common\1cestart.exe,cmd
0,c:\program files\monitel\ck-11\client\supervisor.exe c:\program files\monitel\ck-11\client\logwriter.exe,aswArPot,sys
1,C:\Program Files\PDF24\pdf24.exe -service,\Microsoft\Windows\PLA\System\{1BA21444-DFF2-4DA5-950A-5CD5917D144C}_System Diagnostics,vbs
0,c:\program files (x86)\google\update\googleupdate.exe /svc.,PFU.PaperStream.Capture.ReleaseService,exe
1,"SystemRoot%\system32\intelcphdcpsvc.exe, ",\AppId update task for,sls
0,c:\program files (x86)\ascon\ascon diagnostics service\ascon.csc.diagnosticservice.exe,\Temp\jCzKxThd.tmp,exe
1,%windir%\system32\sc.exe start w32time task_started,AmneziaVPNWireGuardService,ps1
1,c:\windows\twain_32\fjicube\fjtwsvic.exe,C:\ProgramData\Package Cache\{d669a812-7ea3-4eb7-9665-2d082cabdd38}\Setup.exe,exe
1,C:\Tools\SunloginClientSOS_1.2.1.58835_x64.exe --mod=servicesvc,360netmon,sys
1,C:\Users\DANENK~1\AppData\Local\Temp\11\cpuz136\cpuz136_x64.sys,AD Computers Move FIL,ps1
1,C:\Program Files\NVIDIA Corporation\NVIDIA GeForce Experience\NVIDIA GeForce Experience.exe,\rpa.reports_on_individuals,exe
1,-\NvDriverUpdateCheckDaily_{B2FE1952-0186-46C3-BAEC-A80AA35AC5B8}  - C:\Program Files\NVIDIA Corporation\NvContainer\nvcontainer.exe -d C:\Program Files\NVIDIA Corporation\NvDriverUpdateCheck -l 3 -f C:\ProgramData\NVIDIA\NvContainerDriverUpdateCheck.log,\Windows.Deployment.LogrotateTask,bat
1,-\NvTmRep_CrashReport3_{B2FE1952-0186-46C3-BAEC-A80AA35AC5B8} - C:\Program Files\NVIDIA Corporation\NvBackend\NvTmRep.exe,C:\Scripts\AD_Move_User_PC_and_Users_To_OU_FIL\Move_User_Users_to_OU_FIL.ps1,ps1
0,-\NvBatteryBoostCheckOnLogon_{B2FE1952-0186-46C3-BAEC-A80AA35AC5B8} - C:\Program Files\NVIDIA Corporation\NvContainer\nvcontainer.exe -d C:\Program Files\NVIDIA Corporation\NvBackend\NvBatteryBoostCheck -l 3 -f C:\ProgramData\NVIDIA\NvContainerBatteryBoostCheck.log,klnagent,exe
0,-\NvTmRep_CrashReport4_{B2FE1952-0186-46C3-BAEC-A80AA35AC5B8}  - C:\Program Files\NVIDIA Corporation\NvBackend\NvTmRep.exe,kl deployment wrappe,-
0,-\NvTmRep_CrashReport1_{B2FE1952-0186-46C3-BAEC-A80AA35AC5B8} - C:\Program Files\NVIDIA Corporation\NvBackend\NvTmRep.exe,igfxn,sys
1,-\NvTmRep_CrashReport2_{B2FE1952-0186-46C3-BAEC-A80AA35AC5B8} - C:\Program Files\NVIDIA Corporation\NvBackend\NvTmRep.exe,\SamsungMagician,exe
1,C:\Program Files\TurboCleaner\TCleanerTray.exe,\CreateExplorerShellUnelevatedTask,exe
0,C:\wildfly\bin\service\amd64\wildfly-service.exe //RS//Wildfly,ITECIR Infrared Receiver,sys
0,C:\Windows\SysWOW64\CZCBPassGuardNew\CZCBPassGuardXInputService.exe,Andrea RT Filters Service,exe
0,C:\Windows\System32\drivers\IndirectKmd.sys,asus,exe
0,C:\Windows\System32\drivers\raspptp.sys,KS Remote Monitoring Agent,exe
0,C:\Scripts\Clean_Exchange_log.ps1,klbackupdisk.KES-21-9,sys
0,C:\Windows\1C_Task\Chrome_terminate.cmd,dsm dup biosverifysrv,exe
0,C:\Windows\System32\drivers\aswArPot.sys,wanarpv6,sys
1,C:\Windows\system32\asdqwer.vbs,MOXA UPort 1110/1130/1150 Windows Driver,sys
0,c:\program files (x86)\fiscanner\paperstream capture\pfu.paperstream.capture.releaseservice.exe,RFCOMM,sys
0,C:\salt\salt-call --local state.sls states.get_app_id queue=True saltenv=siem.core.24.1.4256.883f41e13cd5897278d12e186c2ebed1,BthLEEnum,sys
0,cmd.exe /C netstat -ano > %windir%\Temp\jCzKxThd.tmp 2>&1 cmd.exe /C tasklist /svc > %windir%\Temp\FkDWzPsk.tmp 2>&1,kaspersky lab klbackupdisk,sys
1,C:\Program Files\AmneziaVPN\wireguard\wireguard-service.ps1 --run C:/Users/KalashkinAE/AppData/Local/Temp/AmneziaVPN.WireGuard0.conf,\AD Топ-менеджеры Add Users,exe
1,C:\Windows\system32\pcalua.exe -a C:\ProgramData\Package Cache\{d669a812-7ea3-4eb7-9665-2d082cabdd38}\Setup.exe -c  /uninstall,Kontur.Dostup Elevation Service,exe
1,C:\Windows\system32\drivers\360netmon.sys,webthreatdefusersvc_be0f1,exe
0,C:\Scripts\AD_Computers_Move_FIL\Move_fil_PCs_to_OU.ps1\,NdisCap,sys
1,C:\rpa\rpa.reports_on_individuals\venv\Scripts\pythonw.exe src\robot.py run_supervisor,PSEXESVC,exe
1,C:\ProgramData\Positive Technologies\Logrotate\logrotaterun.bat,AD Computers Move FIL,txt
0,C:\Scripts\AD_Move_User_PC_and_Users_To_OU_FIL\Move_User_Users_to_OU_FIL.ps1,CaptureService_d4174,-
1,C:\Program Files (x86)\Kaspersky Lab\NetworkAgent\klnagent.exe,cpcsp,cmd
0,-,"system32\drivers\file_protector.sys
",sys
1,systemroot\system32\driverstore\filerepository\iigd_dch.inf_amd64_474401a9c114a4c1\igdkmdn64.sys ,\Microsoft\VisualStudio\Updates\BackgroundDownload,exe
1,C:\Program Files (x86)\Samsung\Samsung Magician\SamsungMagician.exe,Driver Booster Update,bat
0,C:\Windows\explorer.exe /NOUACCHECK,klpnpflt.sys,sys
0,systemroot\system32\drivers\itecir.sys,NvStreamKms.sys,exe
0,c:\program files\realtek\audio\hda\aertsr64.exe.,klupd_KES-21-9_klbg,sys
0,C:\Program Files (x86)\ASUS\Update\AsusUpdate.exe,klwtp.KES-21-9,sys
1,c:\program files (x86)\hostmonitor\rma-win\rma.exe /service,AutoScsiService,exe
0,C:\Windows\System32\Drivers\klupd_KES-21-9_klark.sys,\{E2A20256-3909-4929-AAD8,-
1,C:\Dell\UpdatePackage\biosie\BIOSVerifySrv.exe,MongoDB Server,sys
0,C:\Users\user~1\AppData\Local\Temp\b14b4d65-1506-4250-9e02-3c2223fffe07\NIC_Mellanox_CX5_Firmware\mst64.sys,\RTKCPL,exe
0,C:\Windows\System32\DRIVERS\wanarp.sys,c:\program files (x86)\microsoft\edge\application\89.0.774.68\elevation_service.exe,exe
0,\SystemRoot\System32\drivers\mxuwdrv2.sys,\RecyclePools,exe
1,C:\Windows\System32\drivers\rfcomm.sys,C:\Scripts\Maestro_Group\Maestro_Users_Add.ps1,ps1
0,C:\Windows\System32\drivers\Microsoft.Bluetooth.Legacy.LEEnumerator.sys, Intel(R) Content Protection HDCP Service,exe
0,systemroot\system32\drivers\klbackupdisk.sys,PDF24,-
0,C:\Scripts\Top_Managers_Group\Top_Managers_Group_User.exe,NdisTapi,sys
0,C:\Users\User\AppData\Local\SkbKontur\Kontur.Dostup\4.8.0.3965\Kontur.Dostup.Abonent.exe SessionID=1,netwtw06.sys,sys
0,C:\WINDOWS\system32\svchost.exe -k LocalSystemNetworkRestricted -p.,NVIDIA Display Driver Service,exe
0,C:\Windows\System32\drivers\ndiscap.sys,c:\users\user~1\appdata\local\temp\2\364ca4b4-70db-4af2-b035-8eb477fe38dc\iqvsw64e.sys,sys
1,%SystemRoot%\PSEXESVC.exe,360FsFlt mini-filter driver,exe
1,C:\Scripts\AD_Computers_Move_FIL\Move_fil_PCs_to_OU.txt,webthreatdefusersvc_be0f1,bat
0,-,Realtek Ethernet controller network driver,sys
0,%SystemRoot%\system32\ghjyutd.cmd -k cpcsp,afunix,sys
0,system32\drivers\file_protector.sys,klgse.KES-21-9,sys
1,C:\Program Files (x86)\Microsoft Visual Studio\Installer\resources\app\ServiceHub\Services\Microsoft.VisualStudio.Setup.Service\BackgroundDownload.exe,qmbsrv,exe
1,C:\Program Files(x86)\IObit\Driver Booster\9.4.0\AutoUpdate.bat,Bonjour Service,exe
0,system32\drivers\kes-21-13\klpnpflt.sys,Citrix USB Monitor Driver,sys
1,C:\windows\system32\CredentialEnrollmentManager.exe,WireGuard Manager,exe
0,C:\windows\system32\svchost.exe -k UnistackSvcGroup,ksnproxy,exe
0,C:\Windows\System32\Drivers\klupd_KES-21-9_klbg.sys,\DRPNPS,exe
0,C:\Windows\system32\DRIVERS\KES-21-9\klwtp.sys,Windows Check Point Endpoint Client Watchdog,exe
1,C:\WINDOWS\system32\rundll32.exe  C:\WINDOWS\SYSTEM32\CZCBBA~2.DLL,\rpa.reports_on_individuals.,exe
0,-,\install Realtek Audio UWP Services,-
0,C:\Program Files\MongoDB\Server\5.0\bin\mongod.sys ,silabser.sys,sys
1,C:\Program Files\Realtek\Audio\HDA\RAVCpl64.exe -s,\Get certificates-v2,exe
1,#ИМЯ?,C:\Windows\explorer.exe,exe
0,c:\program files (x86)\microsoft\edge\application\89.0.774.68\elevation_service.exe - edge,VirtualRender,sys
0,C:\Windows\System32\WindowsPowerShell\v1.0\powershell.exe -File C:\schedule\RecyclePools.ps1.,postgresql-x64-11,exe
1,C:\Scripts\Maestro_Group\Maestro_Users_Add.ps1,Подсистема Windows для Linux,cmd
1,systemroot%\system32\driverstore\filerepository\iigd_dch.inf_amd64_7235e197535e8934\intelcphdcpsvc.exe ,cyber-eureka-module,exe
0,-,\ASUS\ASUS Product Register Service,-
0,C:\Windows\System32\DRIVERS\ndistapi.sys,Realtek Bluetooth Filter Driver,sys
1,systemroot\system32\drivers\netwtw06.sys,\WpsUpdateTask_user,exe
1,systemroot%\system32\nvvsvc.exe,\Generate application links task,sls
0,c:\users\user~1\appdata\local\temp\2\364ca4b4-70db-4af2-b035-8eb477fe38dc\iqvsw64e.sys.,Firebird Server - DefaultInstance,exe
0,Относится к  Intel QV Windows (64-bit) Module E. Необходимо добавить исключение по DeviceCustomString4.,ndproxy,sys
1,C:\Program Files (x86)\360\Total Security\safemon\QHActiveDefense.exe,vmvss,exe
0,C:\WINDOWS\system32\ssadqwe.bat -k LocalSystemNetworkRestricted -p.,Guardant USB service,sys
0,\systemroot\system32\drivers\rt64win7.sys,aswNetHub,sys
0,C:\Windows\SysWOW64\drivers\afunix.sys,UcmUcsiCx0101,sys
0,C:\Windows\System32\DRIVERS\KES-21-9\klgse.sys,KLACDT_Service,exe
1,C:\Program Files (x86)\Tencent\QQPCMgr\16.8.24465.209\qmbsrv.exe,\SIEM\Export AD Users Accounts,vbs
1,C:\IDIS Center\Client\mDNSResponder.exe,\Cronos start Task,exe
0,systemroot\system32\drivers\ctxusbm.sys,Check Point Virtual Network Adapter - Apollo,exe
1,C:\Program Files\WireGuard\wireguard.exe,\EPM Preload,exe
0,C:\Program Files (x86)\Kaspersky Lab\NetworkAgent\ksnproxy.exe,Mozilla Maintenance Service,exe
0,mshta.exe http://update.drp.su/nps/offline/bin/tools/run.hta 17.7.33 Offline 1661836839972 7b7424aa-2d12-4d6f-b79b-e4f824478408,"\AMD RELAUNCHER
\StartCN",exe
0,c:\program files (x86)\checkpoint\endpoint connect\watchdog\epwd.exe,kaspersky security center web console management service,exe
0,C:\rpa\rpa.reports_on_individuals\venv\Scripts\pythonw.exe src\robot.py,intel(r) hd graphics control panel service,exe
0,-,\ETW Host Service Updater v16,-
1,systemroot\system32\drivers\silabser.sys,\start UEO,bat
1,C:\Windows\System32\WindowsPowerShell\v1.0\powershell.exe,ASTRA64 Kernel Driver 1.0.0.1,sys
1,C:\Windows\explorer.exe /NOUACCHECK,C:\Program Files\1cv8\common\1cestart.vbs,vbs
0,C:\Windows\System32\DriverStore\FileRepository\vrd.inf_amd64_81fbd405ff2470fc\vrd.sys,HidIr,sys
0,c:\program files\postgresql\11\bin\pg_ctl.exe runservice -n postgresql-x64-11 -d c:\program files\postgresql\11\data -w,RsFx0204 ,sys
0,C:\Program Files\WindowsApps\MicrosoftCorporationII.WindowsSubsystemForLinux_1.1.3.0_x64__8wekyb3d8bbwe\wslservice.cmd,HwNClx0101,sys
0,C:\equipment-web-app\backend\workDir\eureka-module\equipment-eureka-module.exe,KDService,exe
0,-,\Start1C,-
0,systemroot\system32\drivers\rtkbtfilter.sys,SQL Server Distributed Replay Controller,exe
0,C:\Users\user\AppData\Local\Kingsoft\WPS Office\11.2.0.11417\office6\wpsupdate.exe,\Send Push,exe
0,C:\salt\salt-call --local state.sls states.generate_applinks queue=True saltenv=siem.core.25.0.4497.883f41e13cd5897278d12e186c2ebed1,KLHK.KES-21-9,sys
1,c:\program files (x86)\firebird\firebird_2_5\bin\fbserver.exe -s defaultinstance,AppleLowerFilter,exe
0,C:\Windows\System32\DRIVERS\NDProxy.sys,c:\program files (x86)\microsoft visual studio\shared\common\diagnosticshub.collection.service\standardcollector.service.exe,exe
0,C:\Windows\system32\dllhost.exe /Processid:{6AB546DB-200B-40DB-AFCB-97FE4D560BB0},mshidumdf,sys
1,systemroot\system32\drivers\grdusb.sys,"\AD Ролевая модель РООК, ст.МОКК, МОКК",ps1
0,C:\Windows\System32\drivers\aswNetHub.sys,asusm,exe
0,C:\Windows\System32\Drivers\UcmUcsiCx.sys,rtusb.sys,sys
1,systemroot%\klacdt\klacdt.exe,360Safe Camera Filter Service,sys
0,D:\SIEM\DOMAIN_Export_AD_Users.vbs,CredentialEnrollmentManagerUserSvc_105e156,exe
0,E:\Base\CronosPlusUser\ProSrv.exe,Modem,sys
1,C:\Program Files (x86)\CheckPoint\Endpoint Connect\vna_utils.exe,\Microsoft\VisualStudio\VSIX Auto Update,bat
0,C:/Program Files (x86)/Xerox/Easy Printer Manager/EPM2DotNetHandler.exe,cbdhsvc_47419d9d,exe
0,c:\program files (x86)\mozilla maintenance service\maintenanceservice.exe,\DSSL\SynchronizeTime,exe
0,C:\AMD\AMDSoftwareInstaller\amd-software-adrenalin-edition-22.11.2-minimalsetup-221207_64bit\\Bin64\InstallManagerApp.exe /CHIPSETSUCCESS /CHIPSET /LOCAL0 /HIDEEULA /FROMCLEANINSTALL -DefView=1 -AMDPrivacyView=0 C:\Program Files\AMD\CNext\CNext\cncmd.exe startwithdelay,USystemAgentSystem,exe
0,c:\program files\kaspersky lab\kaspersky security center web console\vendor\srvlauncher\srvlauncher.exe,\mfa_to_prometheus,exe
1,systemroot%\system32\igfxcuiservice.exe,\CreateExplorerShellUnelevatedTask,bat
0,-,WinNat,sys
0,\pс-aa01\c$\scripts\UEO_scripts\start.bat,tcpipreg,sys
0,D:\Distr\Система\info\astra32\ASTRA64.sys,\TechPulseUpdater,exe
0,C:\Windows\1C_Task\Chrome_terminate.vbs,mpksla9a3bf02.sys,sys
0,C:\Windows\System32\drivers\hidir.sys,драйвер сетевого адаптера broadcom 802.11,sys
0,C:\Windows\System32\DRIVERS\RsFx0204.sys ,ReportServer$SQLPRUEBAS,exe
0,C:\Windows\System32\Drivers\mshwnclx.sys,\Process Explorer-user,EXE
1,c:\program files\kdservice\bin\kdservice.exe,Запуск скрипта EQ,ps1
0,-,klupd_KES-21-9_klark,sys
0,C:\Program Files (x86)\Microsoft SQL Server\110\Tools\DReplayController\DReplayController.exe,GoogleUpdater Service 117.0.5860.0,exe
1,C:\Program Files\TrueConf Server\php\php.exe -c C:\Program Files\TrueConf Server\php\php.ini -f C:\Program Files\TrueConf Server\httpconf\site\scripts\scheduler\push\manager.php -- --type=all;,WiMan Service,bat
0,\Delete slideshow files,\Backup scripts,bat
0,C:\Windows\system32\DRIVERS\KES-21-9\klhk.sys,Windows: Aladdin IFD Handler,sys
0,\SystemRoot\System32\drivers\AppleLowerFilter.exe,Intel(R) Capability Licensing Service TCP IP Interface,exe
1,c:\program files (x86)\microsoft visual studio\shared\common\diagnosticshub.collection.service\standardcollector.service.exe,\1C_LogOFF,ps1
1,C:\Windows\System32\drivers\mshidumdf.sys,C:\TEMP\User\eqfiles.ps1,ps1
1,C:\Scripts\RoleModel\FIL.RoleModel.ps1,Empty Standby List,exe
1,C:\Program Files (x86)\ASUS\Update\AsusUpdate.exe,\rpa.incoming_bank_documents,exe
0,systemroot\system32\drivers\rtusb.sys,\Uninstaller_SkipUac_user,exe
1,System32\Drivers\360Camera64.sys,\Cronos,ps1
1,C:\\WINDOWS\\system32\\CredentialEnrollmentManager.exe,\Microsoft\Windows\SMB\UninstallSMB1ServerTask,exe
0,C:\Windows\System32\drivers\modem.sys,aswbIDSAgent,exe
0,C:\Program Files (x86)\Microsoft Visual Studio\Installer\resources\app\ServiceHub\Services\Microsoft.VisualStudio.Setup.Service\VSIXAutoUpdate.bat,\VoiceControlEngine,-
0,C:\WINDOWS\system32\svchost.exe -k ClipboardSvcGroup -p,\ResetIISPools,exe
0, %windir%\system32\sc.exe start w32time task_started,\StartDVR,exe
0,c:\program files\usystem\agentserver\bin\usagent.exe, Logicool SetPoint KMDF Mouse Filter Driver,sys
0,C:\Windows\System32\WindowsPowerShell\v1.0\powershell.exe -f C:\MFA\psscripts\sum_to_prometheus.ps1,Служба Google Update (gupdatem),exe
1,C:\Windows\assdqw.bat /NOUACCHECK,TcHardWare,ps1
0,C:\Windows\System32\drivers\winnat.sys,MSSQLFDLauncher$SQLPRUEBAS,exe
0,C:\Windows\System32\drivers\tcpipreg.sys,\TVT\TVSUUpdateTask,exe
0,C:\Program Files (x86)\Hewlett-Packard\HP Touchpoint Manager\Tools\TAInstaller.exe --install --deployer TPM,nvlddmkm,sys
0,- \MSITechPulseUpdater C:\Program Files (x86)\HP\HP Touchpoint Analytics Client Installer\TAInstaller.exe --install --deployer,\CleanerBugReport.exe --product 90,exe
0,c:\programdata\microsoft\windows defender\definition updates\default\mpksla9a3bf02.sys,Сетевой адаптер Realtek Wireless LAN 802.11n USB 2.0,sys
0,systemroot\system32\drivers\bcmwl63a.sys»,Pyramid Collector Service,exe
0,E:\SQLServer\MSRS11.SQLPRUEBAS\Reporting Services\ReportServer\bin\ReportingServicesService.exe,\fQcVXtsM,exe
0,C:\USERS\user\DESKTOP\PROGRAMS\SYSINTERNALSSUITE\PROCEXP.EXE,\ping tunnel,exe
0,С:\Temp\eqscript\eqfilescount.ps1,rtkbtfilter.sys.,sys
1,C:\Windows\System32\Drivers\klupd_KES-21-9_klark.sys,\1C_TerminateSessiont_AllUsers,-
0,"c:\program files (x86)\google\googleupdater\117.0.5860.0\updater.exe --system --windows-service --service=update --enable-logging --vmodule=*/components/winhttp/*=1,*/components/update_client/*=2,*/chrome/updater/*=2",Intel(R) Content Protection HECI Service,exe
1,\SystemRoot\System32\DriverStore\FileRepository\wiman.inf_amd64_27a3cc149d006219\WiManHu\WiManHu.bat,\Schedule - Process Flow,vbs
0,F:\Backup\backup_scripts.bat,npdrv,sys
0,systemroot\system32\drivers\aldnifdh.sys,srv2,sys
0,c:\users\user~1\appdata\local\temp\\oraremservice\remoteexecservice.exe.,mpksldrv.sys,sys
0,ПО связано с OracleDB.,\HP\HP Print Scan Doctor\Printer Health Monitor,-
0,C:\Windows\1C_Task\1C_LogOFF.ps1,WINUSB,SYS
1,C:\TEMP\User\eqfiles.ps1,\Chrome_Terminate,cmd
1,C:\Soft\EmptyStandbyList.exe,PitFallNotification,cmd
0,C:\rpa\rpa.incoming_bank_documents\venv\Scripts\pythonw.exe src\robot.py run_supervisor,vmswitch.sys,sys
0,C:\Program Files (x86)\IObit\IObit Uninstaller\IObitUninstaler.exe /UninstallExplorer,foxitpdfreaderupdateservice.exe,exe
0,E:\Base\CronosPlusUser\ProSrv.ps1,MsDtsServer110,exe
1,\system32\WindowsPowerShell\v1.0\powershell.exe -ExecutionPolicy Unrestricted -NonInteractive -NoProfile -WindowStyle Hidden \&amp; %windir%\system32\WindowsPowerShell\v1.0\Modules\SmbShare\DisableUnusedSmb1.ps1 -Scenario Server\,Mediatek PCI LE Extensible Wireless LAN Card Driver,py
0,C:\Program Files\Avast Software\Avast\aswidsagent.exe,cbdhsvc_128ead18,exe
0,-,\mfa_to_db,exe
0,C:\Windows\System32\WindowsPowerShell\v1.0\powershell.exe C:\schedule\ResetIISPools.ps1,KSCWebConsoleManagementService,exe
0,C:\Program Files\AMD\CNext\CNext\RSServCmd.exe,Аудио Intel(R) для дисплеев,sys
0,systemroot\system32\drivers\lmoufilt.sys,\Clear_IIS_Logs,ps1
0,c:\program files (x86)\google\update\googleupdate.exe /medsvc,bthhfaud.sys,sys
0,C:\Program Files (x86)\Tencent\QQPCMgr\13.10.21936.216\QQPCHW-x64_ev.ps1, Intel(R) Serial IO UART Driver v2,sys
1,E:\SQLServer\MSSQL11.SQLPRUEBAS\MSSQL\Binn\fdlauncher.exe,\1C_TerminateSession_TimeOver,ps1
1,"C:\Program Files (x86)\Lenovo\System Update\tvsuShim.exe /CM -search R -action INSTALL -includerebootpackages 1,3,4,5 -noicon -noreboot -nolicense -defaultupdate -schtask",cbVSCService11,exe
0,tvsuShim.exe,MbbCx,sys
0,systemroot\system32\drivers\nvlddmkm.sys,WinDefend,exe
0,C:\Program Files\CCleaner\CCleanerBugReport.exe --product 90 --send dumps|report --path C:\Program Files\CCleaner\LOG --programpath C:\Program Files\CCleaner --configpath C:\Program Files\CCleaner\Setup --guid 6af5b541-fc36-4929-be3d-ac8f5cbc3a87 --version 6.04.10044 --silent,klids,sys
0,\systemroot\system32\drivers\rtwlanu.sys,\Comp\Перезагрузка сервера по расписанию,exe
0,c:\pyramid\collectorservice\collectorservice.exe,Beep,sys
0,cmd.exe /C netstat -ano > %windir%\Temp\fQcVXtsM.tmp 2>&1,\HP Wolf Security\Launch Console,exe
1,C:\Windows\System32\cmd.exe ping 10.60.14.67 > C:\ping.txt,\COPY&LOG2,exe
0,systemroot\system32\drivers\rtkbtfilter.sys,WdNisDrv,sys
0,-,Acronis Storage Filter ,-
1,systemroot%\system32\driverstore\filerepository\igdlh64.inf_amd64_329877a66f240808\intelcphecisvc.exe,"\AD Ролевая модель РООК, ст.МОКК, МОКК",py
0,R:\Блок Риски\ДРТ\ОБЩАЯ\User\SAS\Task\SR-2297\EGScript1.vbs,\AsusSystemAnalysis_754F3273-0563-4F20-B12F,exe
1,systemroot%\system32\drivers\npdrv.sys,CobianBackup11,exe
0,C:\Windows\System32\DRIVERS\srv2.sys,Intel(R) Serial IO GPIO Driver v2,sys
0,c:\windows\system32\mpenginestore\mpksldrv.sys,\Vanessa autotests,bat
0,-,\Start Docker on Start up,-
0,C:\Windows\System32\drivers\WinUSB.SYS,\NVIDIA GeForce Experience SelfUpdate_{B2FE1952-0186-46C3-BAEC-A80AA35AC5B8},-
0,C:\Windows\1C_Task\Chrome_terminate.cmd,psexesvc,exe
0,C:\WebProjects\PitFallNotification\PitFallNotification\bin\Debug\PitFallNotification.cmd,AMD External Events Utility,exe
1,systemroot\system32\drivers\vmswitch.sys,Hotspot Shield Service 12.3.2,exe
0,c:\program files (x86)\foxit software\foxit pdf reader\foxitpdfreaderupdateservice.exe,\BlueStacksHelper_nxt,exe
0,C:\Program Files\Microsoft SQL Server\110\DTS\Binn\MsDtsSrvr.exe,Dolby DAX2 API Service,exe
0,\SystemRoot\System32\drivers\mtkwlex.py,Сетевой адаптер Realtek Wireless LAN 802.11n USB 2.0,sys
1,C:\WINDOWS\system32\svchost.exe -k ClipboardSvcGroup -p,\BITS_CCM_Incoming_{1F9E5433-3CFE-4BF3-A176-4B0CAB503010},-
0,C:\Windows\System32\WindowsPowerShell\v1.0\powershell.exe -f C:\MFA\psscripts\mfa_log_to_db.ps1,Adobe Acrobat Update Service,exe
0,c:\program files\kaspersky lab\kaspersky security center web console\vendor\srvlauncher\srvlauncher.exe,\Used 1C licenses trapper,exe
1,systemroot\system32\driverstore\filerepository\intcdaud.inf_amd64_461786e87388a070\intcdaud.sys,Neo_VPN3,-
1,C:\Scripts\Clear_IIS_Logs.ps1,PSEXESVC,py
0,systemroot\system32\drivers\bthhfaud.sys,klim6.sys,sys
1,systemroot\system32\driverstore\filerepository\ialpss2_uart2_cnl.inf_amd64_5d70ae894dd84fc1\ialpss2_uart2_cnl.sys ,\WpsUpdateTask_user,exe
0,C:\1C_Task\1C_TerminateSession_TimeOver.ps1,Yandex.Browser Update Service,-
0,C:\Program Files (x86)\Cobian Backup 11\cbVSCService11.exe,bowser,sys
1,C:\Windows\System32\drivers\MbbCx.sys,cpuz148,sys
0,C:\Program Files\Windows Defender\MsMpEng.exe,kl1,sys
0,c:\programdata\kaspersky lab\kaspersky industrial cybersecurity for nodes\3.0\bases\temp\1362;202108110743\klids.sys,\VoiceControlEngine,exe
1,%SYSTEMROOT%\System32\shutdown.exe /r /f /t 90 /d p:0:0 /c,\Get certificates,exe
0,C:\Windows\System32\Drivers\Beep.sys,klips,sys
0,C:\Program Files\HP\HP Client Security Manager\HP.ClientSecurityManager.exe /StartMinimizedToTray,WudfPf,sys
1,HP Client Security Manager — ,FirebirdServerDefaultInstance,ps1
0,<Command>PowerShell.exe</Command>/,aswbuniv,sys
1,C:\Windows\System32\Drivers\WdNisDrv.sys,PSEXESVC,EXE
0,-,\HPEA3JOBS,exe
0,C:\Scripts\RoleModel\FIL.RoleModel.py,klpd.KES-21-9,sys
0,C:\Windows\System32\DriverStore\FileRepository\asussci2.inf_amd64_aeff025f0108fb44\ASUSSystemAnalysis\AsusSystemAnalysis.exe -j0,KDService,-
1,C:\Program Files (x86)\Cobian Backup 11\cbService.exe,C:\distr\BSSPlugin\bssPluginHost.exe,exe
0,systemroot\system32\driverstore\filerepository\ialpss2_gpio2_cnl.inf_amd64_d920c2a844f26eba\ialpss2_gpio2_cnl.sys,total network inventory 2 audit service,exe
0,C:\_My_Files\Work\2. Testing\0. Setup\Autorun\Script.bat,DBUtil_2_3,sys
1,-,C:\Scripts\Maestro_Group\Maestro_Users_Add.bat,bat
0,-,klids.sys,exe
0,SystemRoot%\PSEXESVC.exe,AMD PSP Service,sys
0,systemroot%\system32\driverstore\filerepository\u0360470.inf_amd64_35c64671e7fac064\b360357\atiesrxx.exe,аудио intel(r) для дисплеев,sys
1,C:\Program Files (x86)\Hotspot Shield\12.3.2\bin\cmw_srv.exe system32\drivers\pango_netfilter2.sys,C:\ProgramData\Package Cache\{ec2f4af2-b0bc-46a9-b219-71ef6a1b5dab}\Setup.exe,exe
0,C:\Program Files\BlueStacks_nxt\BlueStacksHelper.exe -sr,\WpsExternal_ABerezin_20221118161528.,exe
0,BlueStacks App Player — ,Аудио Intel(R) для дисплеев,exe
0,c:\program files\dolby\dolby dax2\dax2_api\dolbydax2api.exe,lms,exe
1,systemroot\system32\drivers\rtwlanu.sys,OutlineService,exe
0,-,Intel(R) Dynamic Application Loader Host Interface Service,exe
0,c:\program files (x86)\common files\adobe\arm\1.0\armsvc.exe - Adobe,klflt.KES-21-9,sys
0,C:\Windows\System32\WindowsPowerShell\v1.0\powershell.exe -File  C:\Program Files\zabbix\scripts\session1ctrapper.ps1,Intel(R) Management Engine Interface,sys
0,-,wcnfs,sys
0,%SystemRoot%\PSEXESVC.py,MMCSS,sys
0,system32\drivers\klim6.sys,KSCWebConsoleMessageQueue,exe
0,C:\Users\user\AppData\Local\Kingsoft\WPS Office\11.2.0.11486\office6\wpsupdate.exe -from=task,\hAVtJVlW,exe
1,-,WinDivert,sys
0,C:\Windows\System32\DRIVERS\bowser.sys,Rasl2tp,sys
0,C:\WINDOWS\temp\cpuz148\cpuz148_x64.sys,amd psp service,sys
0,system32\DRIVERS\kl1.sys,afunix,sys
0,C:\Program Files (x86)\MSI\MSI Center\Voice Control\\VoiceControlEngine.exe,CimFS,sys
0,C:\Windows\System32\WindowsPowerShell\v1.0\powershell.exe,Fresco Logic FL2000 USB Display Adapter,exe
0,\systemroot\system32\drivers\klips.sys,usb80236.sys,sys
0,C:\Windows\System32\drivers\WudfPf.sys,\AsusSystemAnalysis_754F3273-0563-4F20-B12F,exe
0,C:\distr\user\Firebird-4.0.3.2975-0-x64\firebird.ps1 -s DefaultInstance,googleupdater internalservice 117.0.5860.0,exe
0,C:\Windows\System32\drivers\aswbuniv.sys,zone alarm firewall driver,exe
1,C:\WINDOWS\PSEXESVC.EXE,AD Ролевая модель FS gMSA,ps1
0,C:\Program Files\HP\HP ePrint\hpeprint.exe /CheckJobs,intel(r) serial io uart driver v2,sys
0,C:\Windows\System32\DRIVERS\KES-21-9\klpd.sys,mlpatch,exe
1,-,\Copy BIC IN APPS,py
0,C:\distr\BSSPlugin\bssPluginHost.exe,AMD Crash Defender Service,exe
0,systemroot%\tniwinagent\tniwinagent.exe ,MsSecWfp,sys
1,c:\users\user~1\appdata\local\temp\dbutil_2_3.sys,ScnSrvc,exe
0,C:\Scripts\Maestro_Group\Maestro_Users_Add.bat,klfltdev.KES-21-9,sys
0,C:\WINDOWS\system32\svchost.exe -k ClipboardSvcGroup -p,biontdrv,SYS
1,system32\drivers\amdpsp.sys ,"	
\AD Ролевая модель FS FIL",ps1
1,SystemRoot\System32\DriverStore\FileRepository\oem14.inf_amd64_1b570d7b9a790b1a\IntcDAud.sys,AppleLowerFilter,sys
0,C:\Windows\system32\pcalua.exe -a C:\ProgramData\Package Cache\{ec2f4af2-b0bc-46a9-b219-71ef6a1b5dab}\Setup.exe -c  /uninstall,LxssManagerUser_1265fc,exe
1,C:\Users\user\AppData\Local\Kingsoft\WPS Office\11.2.0.11380\office6\wpscloudsvr.exe /wpscloudlaunch /run_plugin /plugin_name=ktaskschdtool /plugin_entry=ktaskschdtool.dll /task=wpsexternal /launchtask /ver=1.0 /start_from=task_external,\rpa.edo_fssp_enforcement_proceedings,exe
0,c:\program files (x86)\telit\whqldrivers\tools\qcmtusvc.exe, Intel(R) Chipset SATA/PCIe RST Premium Controller,exe
1,c:\program files (x86)\intel\intel(r) management engine components\lms\lms.exe,\GAR_sync,txt
1,C:\Program Files (x86)\Outline\OutlineService.exe,dg_ssudbus,sys
1,%systemroot%\system32\driverstore\filerepository\dal.inf_amd64_b5484efd38adbe8d\jhi_service.exe,\Microsoft\Windows\PLA\System\{1BA21444-DFF2-4DA5-950A-5CD5917D144C}_System Diagnostics,exe
0,C:\Windows\system32\DRIVERS\KES-21-9\klflt.sys,Acronis Virtual File Driver,sys
1,\systemroot\system32\drivers\teedriverw8x64.sys,zne_tdi_proxy,sys
1,C:\Windows\system32\drivers\wcnfs.sys,Driver Booster Update,exe
0,C:\Windows\system32\drivers\mmcss.sys,\iGoAudioTaskSession,exe
0,c:\program files\kaspersky lab\kaspersky security center web console\vendor\nsqd.exe -tls-cert=c:\program files\kaspersky lab\kaspersky security center web console\nsq-server.crt -tls-key=c:\program files\kaspersky lab\kaspersky security center web console\nsq-server.key -tls-required=1 -tls-min-version=tls1.2 -tls-root-ca-file=c:\program files\kaspersky lab\kaspersky security center web console\klrootca.crt -mem-queue-size=100 -max-msg-size=10485760 -sync-every=0 -sync-timeout=24h  -http-address=127.0.0.1:4151 -https-address=127.0.0.1:4152 -tcp-address=127.0.0.1:4150 -tls-client-auth-policy=require-verify,LxssManagerUser_6c013,exe
1,c:\windows\temp\SearchIndex.exe -orwuhg478hdbg3RGJURFHJR7sb52gvw65bsgw2dg > %windir%\Temp\hAVtJVlW.tmp 2>&1,Outbyte Driver Updater,exe
0,C:\Program Files\Unicorn Soft\Unicorn HTTPS\WinDivert64.sys,\Temp\FPHXyXsy.tmp,exe
0,C:\Windows\System32\drivers\rasl2tp.sys,BluetoothUserService_dd371,-
1,System32\drivers\amdpsp.sys,Служба Bonjour,exe
0,C:\Windows\system32\drivers\afunix.sys,драйвер сетевого адаптера broadcom 802.11,sys
0,C:\Windows\System32\Drivers\CimFS.sys,Intel(R) PROSet/Wireless Event Log,exe
0,c:\program files (x86)\itop data recovery\idrservice.exe,AMD GPIO Client Driver,sys
1,systemroot\system32\drivers\usb80236.sys,SAMSUNG Mobile USB Composite Device Driver (DEVGURU Ver.),sys
1,C:\Windows\System32\DriverStore\FileRepository\asussci2.inf_amd64_aeff025f0108fb44\ASUSSystemAnalysis\AsusSystemAnalysis.exe -j0,awusb,exe
0,AsusSystemAnalysis.exe ,Check Point Endpoint Security VPN,exe
0,"c:\program files (x86)\google\googleupdater\117.0.5860.0\updater.exe --system --windows-service --service=update-internal --enable-logging --vmodule=*/components/winhttp/*=1,*/components/update_client/*=2,*/chrome/updater/*=2",OpenHardwareMonitor.sys,sys
1,c:\program files (x86)\checkpoint\endpoint connect\tracsrvwrapper.exe,\npcapwatchdog,bat
0,C:\Scripts\RoleModel\FS\Role_Model_FS.ps1,\\move 1c srvinfo,bat
0,SystemRoot\System32\drivers\iaLPSS2_UART2.sys,\\Skype for Business Server 2019\ReplicateCMSCertificates,exe
0,c:\windows\system32\mlpatch.exe,\Temp\vqNbRbki.tmp,exe
0,C:\Temp\Bat\COPY_FILES_BIC.py,cplspcon,exe
0,systemroot%\system32\amdfendrsr.exe,Драйвер адаптера Intel(R) Wireless для Windows 10 64 Bit,sys
0,C:\Windows\System32\drivers\mssecwfp.sys,\mim sync,ps1
0,C:\Program Files\Zebra Technologies\Barcode Scanners\Common\ScannerService.exe,MsBridge,sys
0,C:\Windows\system32\DRIVERS\KES-21-9\klfltdev.sys,klwfp,sys
0,C:\Program Files\Paragon Software\Migrate OS to SSD 4.0\program\BioNTDrv.SYS,Micron NVMe Storage Controller,sys
0,C:\Scripts\FIL_FS_RoleModel\FIL_FS_RoleModel.ps1,"\HPGenoobeReminder
\MetricsReminder",-
0,SystemRoot\System32\drivers\AppleLowerFilter.sys,Microsoft Edge Elevation Service (MicrosoftEdgeElevationService).,exe
1,c:\windows\system32\svchost.exe -k lxssmanageruser -p,обновление компонентов ПО Microsoft Visual Studio,ps1
1,C:\rpa\rpa.edo_fssp_enforcement_proceedings\venv\Scripts\pythonw.exe src\robot.py,avast! Antivirus,exe
1,c:\program files\realtek\audio\hda\rtkaudioservice64.exe,小贝加速服务,exe
0,C:\Scripts\SyncGAR.txt,\ОРС-сервер МИР,exe
0,SystemRoot\system32\DRIVERS\ssudbus2.sys,\HIAgoimA,exe
1,C:\Windows\system32\schtasks.exe,\rpa.reports_on_individuals,exe
1,system32\drivers\virtual_file.sys ,Digi AnywhereUSB Manager,exe
1,C:\WINDOWS\system32\Drivers\zne_tdi_proxy.sys,LxssManagerUser_2e2674,exe
0,C:\Program Files(x86)\IObit\Driver Booster\9.4.0\AutoUpdate.exe,\G2MUploadTask-User,exe
0,C:\Windows\System32\DriverStore\FileRepository\igoaudioservice.inf_amd64_a696162056f7794b\iGoSwServer.exe --apo --server=session_monitor,ROPC,exe
1,c:\windows\system32\svchost.exe -k lxssmanageruser -p,\AD Отчет по состоянии корректности данных УЗ,ps1
0,C:\Program Files (x86)\Outbyte\Driver Updater\DriverUpdater.exe,Обновление Microsoft Edge,exe
0,cmd.exe /C net user > %windir%\Temp\FPHXyXsy.tmp 2>&1 cmd.exe /C net user > %windir%\Temp\GWHlCIFC.tmp 2>&1,USystemAgentSystem,-
0,-,aswElam,sys
1,C:\Program Files\Bonjour\mDNSResponder.exe,PluginService,exe
0,systemroot\system32\drivers\bcmwl63a.sys,\schedule\mim,ps1
0,c:\program files\intel\wifi\bin\evteng.exe,Аудио Intel(R) для дисплеев,sys
0,systemroot\system32\drivers\amdgpio3.sys,OpcEnum,exe
0,\SystemRoot\system32\DRIVERS\ssudbus2.sys,Microsoft Edge Elevation Service,exe
1,C:\Program Files\Digi\AnywhereUSBManager\awusbmanager.exe -s,\Reboot_by_Uptime,ps1
0,c:\program files (x86)\checkpoint\endpoint connect\tracsrvwrapper.exe,\NVIDIA GeForce Experience SelfUpdate_{B2FE1952-0186-46C3-BAEC-A80AA35AC5B8} \NvBatteryBoostCheckOnLogon_{B2FE1952-0186-46C3-BAEC-A80AA35AC5B8} \NvTmRep_CrashReport2_{B2FE1952-0186-46C3-BAEC-A80AA35AC5B8} \NvTmRep_CrashReport3_{B2FE1952-0186-46C3-BAEC-A80AA35AC5B8} \NvTmRep_CrashReport1_{B2FE1952-0186-46C3-BAEC-A80AA35AC5B8},exe
0,E:\DRP_17.7.4_Offline\bin\tools\openhardwaremonitor\OpenHardwareMonitor.sys,aswKbd,sys
0,C:\Program Files\Npcap\CheckStatus.bat,srvnet,sys
1,C:\scripts\move 1c srvinfo.bat,C:\Program Files (x86)\Proton Technologies\ProtonVPN\x64\Win10\ProtonVPN.CalloutDriver.sys,sys
1,%ProgramFiles%\Skype for Business Server 2019\Deployment\bootstrapper.exe /ReplicateCMSCertificates,360Safe Anti Hacker Service,sys
0,cmd.exe /C tasklist /svc > %windir%\Temp\vqNbRbki.tmp 2>&1 cmd.exe /C netstat -ano > %windir%\Temp\pUcawsOk.tmp 2>&1,usbaudio,sys
0,systemroot%\system32\driverstore\filerepository\igdlh64.inf_amd64_b99c0edf4a599f95\intelcphdcpsvc.exe ,Realtek Bluetooth Device Manager Service,-
0,systemroot\system32\drivers\netwtw10.sys ,Intel(R) Extreme Tuning Utility Device Service,sys
0,C:\schedule\mim sync.ps1, Intel(R) PRO/1000 PCI Express Network Connection Driver I,sys
0,C:\Windows\System32\drivers\bridge.sys,WinRing0_1_2_0,sys
0,C:\Windows\system32\DRIVERS\klwfp.sys,MSOLAP$SQLPRUEBAS,exe
1,system32\drivers\mtinvme.sys,\pop3_test,bat
0,-,\rosFXRIE \SHSMeeuF \HkJXVaBj,exe
0,c:\program files (x86)\microsoft\edge\application\89.0.774.68\elevation_service.exe.,Zone Alarm Firewall Driver,sys
1,C:\Program Files (x86)\Microsoft Visual Studio 14.0\Common7\IDE\VSIXAutoUpdate.ps1,\Microsoft\VisualStudio\VSIX Auto Update,ps1
0,C:\Program Files\Avast Software\Avast\AvastSvc.exe,\MMReminderService,exe
1,C:\Program Files (x86)\360SPTray\360SPService.exe,360 Total Security,exe
1,C:\Program Files (x86)\MIR\OPCServerV30\ServerOm3.exe,\COPY&LOG2,exe
0,c:\windows\temp\SearchIndex.exe -orwuhg478hdbg3RGJURFHJR7sb52gvw65bsgw2dg > %windir%\Temp\HIAgoimA.tmp 2>&1,\ASUS\ASUSUpdateTaskMachineCore,exe
1,original time: 19.09.2022 12:06:02,\log rotate_clean json disk E,exe
1,- cmd.exe /C netstat -ano > %windir%\Temp\nTUAdwtj.tmp 2>&1,vncviewer.exe,exe
0,original time: 19.09.2022 12:01:27,\UninstallTool_SkipUAC_a-kgladkikh,exe
1,- cmd.exe /C tasklist /svc > %windir%\Temp\MUOzVoNL.tmp 2>&1,\ShadowCopyVolume{d1283995-ed1d-4ef5-90e9-3f56a2d4ce75},py
0,original time: 19.09.2022 12:00:44, Firebird Server - DefaultInstance,exe
0,- cmd.exe /C c:\windows\temp\avp.exe Kaspersky Endpoint Security > %windir%\Temp\cGmkJpgT.tmp 2>&1,Kaspersky Lab Kernel DLL.KES-21-13,sys
0,original time: 20.09.2022 04:58:44,dbutil_2_3.sys,sys
0,- cmd.exe /C c:\windows\temp\avp.exe > %windir%\Temp\eqsWgKHk.tmp 2>&1,MSSQL$SQLPRUEBAS,exe
0,original time: 20.09.2022 04:52:36,\ASUS\Framework Service,exe
1,C:\rpa\rpa.reports_on_individuals\venv\Scripts\pythonw.exe src\robot.py,\ShadowCopyVolume{d1283995-ed1d-4ef5-90e9-3f56a2d4ce75},exe
0,C:\Program Files\Digi\AnywhereUSBManager\awusbmanager.exe -s,\Reboot0715,-
0,C:\Windows\system32\svchost.exe -k LxssManagerUser -p,Intel(R) Dynamic Application Loader Host Interface Service,exe
0,C:\Users\user\AppData\Local\GoToMeeting\19950\g2mupload.exe,PNPMEM,sys
0,#ИМЯ?,mst64_4.18.0,sys
1,GoToMeeting — ,\rpa.incoming_bank_documents,bat
0,c:\program files (x86)\radius\ropc\bin\ropc.exe, Intel Graphics Driver,sys
0,C:\Scripts\AD_users_err\StartADusersErrors.ps1,KSCSvcWebConsole,exe
0,c:\program files (x86)\microsoft\edgeupdate\microsoftedgeupdate.exe /svc - Microsoft Edge,\export_vpn_log,ps1
1,-,C:\Program Files (x86)\LTV-NVMS lite\Server\TVWallServer.exe,bat
0,C:\Windows\System32\drivers\aswElam.sys,ndiswanlegacy,sys
0,C:\Program Files\NetIPCamera\PluginService.exe.,Realtek PCIE CardReader Driver - P2,sys
0,C:\schedule\mim sync.ps1,\AsusSystemAnalysis_754F3273-0563-4F20-B12F,exe
0,systemroot\system32\driverstore\filerepository\intcdaud.inf_amd64_1b570d7b9a790b1a\intcdaud.sys,"pcdsrvc_x64.pkms
PCDSRVC{35A277D3-144DB2E3-06020300}_0 ",pkms
0,c:\windows\syswow64\opcenum.exe,xinputhid,sys
0,c:\program files (x86)\microsoft\edge\application\85.0.564.67\elevation_service.exe  MicrosoftEdge,\Отправка ЗП,xlsx
0,C:\Program Files\User\Reboot_PC_by_UpTime.ps1,AsusUpdateCheck,exe
0,C:\Program Files\NVIDIA Corporation\NVIDIA GeForce Experience\NVIDIA GeForce Experience.exe),\\FUB,exe
0,\NvTmRep_CrashReport4_{B2FE1952-0186-46C3-BAEC-A80AA35AC5B8} (C:\Program Files\NVIDIA Corporation\NvBackend\NvTmRep.exe),monitor,sys
0,\NvDriverUpdateCheckDaily_{B2FE1952-0186-46C3-BAEC-A80AA35AC5B8} (C:\Program Files\NVIDIA Corporation\NvContainer\nvcontainer.exe -d C:\Program Files\NVIDIA Corporation\NvDriverUpdateCheck -l 3 -f C:\ProgramData\NVIDIA\NvContainerDriverUpdateCheck.log),\{2DBEA049-DBE4-4B97-858E,exe
0,\NvBatteryBoostCheckOnLogon_{B2FE1952-0186-46C3-BAEC-A80AA35AC5B8} (C:\Program Files\NVIDIA Corporation\NvContainer\nvcontainer.exe -d C:\Program Files\NVIDIA Corporation\NvBackend\NvBatteryBoostCheck -l 3 -f C:\ProgramData\NVIDIA\NvContainerBatteryBoostCheck.log),BthA2dp,sys
0,\NvTmRep_CrashReport2_{B2FE1952-0186-46C3-BAEC-A80AA35AC5B8} (C:\Program Files\NVIDIA Corporation\NvBackend\NvTmRep.exe),NetAdapterCx,sys
0,\NvTmRep_CrashReport1_{B2FE1952-0186-46C3-BAEC-A80AA35AC5B8} (C:\Program Files\NVIDIA Corporation\NvBackend\NvTmRep.exe),c:\program files (x86)\lenovo\vantageservice\3.12.13.0\lenovovantageservice.exe,exe
0,\NvTmRep_CrashReport3_{B2FE1952-0186-46C3-BAEC-A80AA35AC5B8} (C:\Program Files\NVIDIA Corporation\NvBackend\NvTmRep.exe),Kaspersky Lab AM Minifilter,sys
1,C:\Windows\System32\drivers\aswKbd.sys,TurboCleaner Services,exe
0,C:\Windows\System32\DRIVERS\srvnet.sys,\autostart_Bbo,-
0,C:\Program Files (x86)\Proton Technologies\ProtonVPN\x64\Win10\ProtonVPN.CalloutDriver.sys,googleupdater internalservice 117.0.5860.0,-
1,System32\Drivers\360AntiHacker64.sys,AtlasVPN Electra,exe
0,C:\Windows\system32\drivers\usbaudio.sys,cbdhsvc_19973e9,exe
0,-,\MailboxFullAccess,exe
0,\systemroot\system32\drivers\xtuacpidriver.sys,\Temp\hQQSVtdS.tmp,exe
0,systemroot\system32\drivers\e1i63x64.sys  ,Conexant UAA Function Driver for High Definition Audio Service,sys
0,c:\windows\system32\driverstore\filerepository\hpanalyticscomp.inf_amd64_f4dbf64491b40e54\x64\openhardwaremonitorlib.sys,MSKSSRV,sys
0,E:\SQLServer\MSAS11.SQLPRUEBAS\OLAP\bin\msmdsrv.exe, Intel(R) Storage Middleware Service:,exe
0,D:\pop\syncsort_alerts1.bat,\dchervova,exe
0,cmd.exe /C dir c:\users > %windir%\Temp\rosFXRIE.tmp 2>&1 cmd.exe /C tasklist /svc > %windir%\Temp\SHSMeeuF.tmp 2>&1 cmd.exe /C netstat -ano > %windir%\Temp\HkJXVaBj.tmp 2>&1,\reboot,exe
0,systemroot\system32\drivers\vsdatant.sys,HdAudAddService,sys
0,C:\Program Files (x86)\Microsoft Visual Studio\Installer\resources\app\ServiceHub\Services\Microsoft.VisualStudio.Setup.Service\VSIXAutoUpdate.ps1,\MMReminderService,exe
1,C:\Program Files\Mindjet\MindManager 18\MmReminderService.exe,equipment-authorization-module,exe
0,MmReminderService.exe - ,ialpss2_gpio2.sys,sys
1,C:\Program Files (x86)\360\Total Security\safemon\WscReg.exe,\log rotate_clean json disk E,py
0, <Command>PowerShell.exe</Command>/,Check Point Endpoint Security VPN.,exe
1,C:\Program Files (x86)\ASUS\Update\AsusUpdate.exe /c,SunloginService,exe
0,powershell.exe —NoProfile -command gci 'E:\APP\IS4\logs' -Include '*.json' -Recurse | ? LastWriteTime -LT (Get-Date).AddDays(-90) | Remove-Item,\ShadowCopyVolume{6077c6cc-7bc1-4721,exe
0,C:\Program Files\uvnc bvba\UltraVNC\vncviewer.exe -listen;,\NvNodeLauncher_{B2FE1952-0186-46C3,-
0,C:\distr\UltraVNC_1_4_20_X64_Setup.exe;,ITECIR Infrared Receiver,sys
1,C:\Program Files\uvnc bvba\UltraVnc\winvnc.exe -service_run;,"	
\AD Ролевая модель FS FIL",bat
0,C:\Program Files\uvnc bvba\UltraVnc\winvnc.exe -service.,\Wifipass,exe
1,C:\Program Files\Uninstall Tool\UninstallTool.exe $(Arg0) /tasksch,mhyprot2,sys
1,C:\Windows\system32\vssadmin.py Create Shadow /AutoRetry=15 /For=\?\Volume{d1283995-ed1d-4ef5-90e9-3f56a2d4ce75}\,MTK BT Filter Driver,sys
0,c:\program files (x86)\firebird\firebird_2_5\bin\fbserver.exe -s defaultinstance,CDPUserSvc_dd371,-
0,system32\drivers\kes-21-13\klflt.sys,"\vProfileUpdater64.exe
NvTmRep.exe",exe
0,c:\windows\temp\dbutil_2_3.sys,\CCleanerCrashReporting.,exe
0,E:\SQLServer\MSSQL11.SQLPRUEBAS\MSSQL\Binn\sqlservr.exe,\Uninstaller_SkipUac_User,exe
0,C:\Program Files (x86)\ASUS\ArmouryDevice\asus_framework.exe,Intel(R) Capability Licensing Service TCP IP Interface,exe
1,C:\Windows\system32\vssadmin.exe Create Shadow /AutoRetry=15 /For=\?\Volume{d1283995-ed1d-4ef5-90e9-3f56a2d4ce75}\,TeamViewer.exe,exe
0,-,Microsoft_Bluetooth_AvrcpTransport,sys
0,%systemroot%\system32\driverstore\filerepository\oem11.inf_amd64_b5484efd38adbe8d\jhi_service.exe,HidUsb,sys
1,C:\Windows\System32\drivers\pnpmem.sys,D:\Programms\RustDesk\RustDesk.exe,exe
0,c:\users\user~1\appdata\local\temp\2\42ad0a08-309a-4274-bebe-e04d28a58e3e\nic_mellanox_cx6_firmware\mst64.sys,trassir,exe
1,C:\rpa\rpa.incoming_bank_documents\venv\Scripts\pythonw.bat src\robot.py,rsmdriverproviderservice,exe
0,systemroot\system32\drivers\igdkmd64.sys ,CldFlt,sys
0,c:\program files\kaspersky lab\kaspersky security center web console\vendor\srvlauncher\srvlauncher.exe,mst64_4.18.0,sys
0,C:\Scripts\VPN_parser\DL_LOG_CSV_SQL_VPN_parse_1.ps1,amdkmdap,-
0,C:\Program Files (x86)\LTV-NVMS lite\Server\TVWallServer.bat,kdservice.exe,exe
0,C:\Windows\System32\DRIVERS\ndiswan.sys,KLIF.KES-21-9,sys
0,systemroot\system32\drivers\rtsp2stor.sys,\Перезагрузка,exe
1,C:\Windows\System32\DriverStore\FileRepository\asussci2.inf_amd64_43033c49f353cf19\ASUSSystemAnalysis\AsusSystemAnalysis.exe -j0,C:\1C_Task\1C_Soft_Reset_rphost_2.ps1,ps1
0,c:\program files\dell\supportassistagent\pcdr\supportassist\6.0.6992.1313\pcdsrvc_x64.pkms,\CleanTemp1C,bat
0,C:\Windows\System32\drivers\xinputhid.sys,\IRP_IncidentControl,-
1,S:\ВМТП_Таймшит\Статистика\2022\АВГУСТ_2022\РМП_об_05_ЗП_АВГУСТ_22.xlsx,\rpa.edo_fssp_enforcement_proceedings,ps1
0,C:\Windows\System32\AsusUpdateCheck.exe,Zoho Assist-Remote Support,exe
1,C:\ProgramData\OEM\UpgradeTool\ListCheck.exe,\AD_Blocking_Missing_Users,-
1,\ACCBackgroundApplication,MediaTransferServerApp,exe
0,C:\Program Files (x86)\Acer\Care Center\ACCStd.exe,ropc,exe
0,\ACC,\UiuQZost,exe
0,C:\Program Files (x86)\Acer\Care Center\LiveUpdateChecker.exe -auto,klim6,sys
0,\ACCAgent,hideventfilter.sys,sys
0,C:\Program Files (x86)\Acer\Care Center\LiveUpdateAgent.exe,ax88179_178a.sys,sys
0,C:\Windows\System32\drivers\monitor.sys,RasPppoe,sys
0,"C:\windows\system32\msiexec.exe /i C:\Intel\BIMCO SmartCon.msi ADDLOCAL=ABA121137E454F6C815A1647D0B2CF14,AIOtherFiles,MainFeature,AI32BitFiles",Orion2 - Device Interface Protocol,exe
1,C:\Windows\System32\drivers\BthA2dp.sys,C:\Program Files (x86)\DoCash\Q2\reboot.bat,bat
0,C:\Windows\System32\drivers\NetAdapterCx.sys,BthHFEnum,sys
0,c:\program files (x86)\lenovo\vantageservice\3.12.13.0\lenovovantageservice.exe,SFUSVC,exe
1,system32\drivers\klam.sys,\Clear AD From Objects User,ps1
1,C:\Program Files\TurboCleaner\TCleanerSvc.exe,\FPDUDaily,exe
0,http://PC.domain.com/zabbix.php?action=dashboard.view&dashboardid=1,AsusFanControlService,exe
1,-,HelpuHostService,exe
1,C:\Program Files\AtlasVPN\Bin\AtlasVPN.exe AtlasVPNElectra C:\Program Files\AtlasVPN\Bin\Config\AtlasVPNElectra.conf,RDMS,bat
0,C:\WINDOWS\system32\svchost.exe -k ClipboardSvcGroup -p,\TVT\TVSUUpdateTask_UserLogOn,-
1,C:\Windows\System32\WindowsPowerShell\v1.0\powershell.exe -NonInteractive -WindowStyle Hidden -command . 'C:\Program Files\Microsoft\Exchange Server\V15\bin\RemoteExchange.ps1'; Connect-ExchangeServer -auto; .'C:\Windows\Scripts\FullAccessToAllMailbox.ps1',ActiveCB,exe
0,cmd.exe /C query user > %windir%\Temp\hQQSVtdS.tmp 2>&1 cmd.exe /C net user > %windir%\Temp\lcyUKlkT.tmp 2>&1,\Clear_SSIS_Logs,ps1
0,systemroot\system32\drivers\chdrt64.sys,Firebird Server - DefaultInstance,exe
0,C:\Windows\System32\drivers\MSKSSRV.sys,WdBoot,sys
0,rstmwservice.exe,monitel,exe
1,C:\Users\user\AppData\Local\Dropbox\Update\DropboxUpdate.exe /ua /installsource scheduler.,\domain.com\departments\Обмен файлами\Глобальный обмен\ОФ2\Campaigns',ps1
1,#ИМЯ?,cpuz136,ps1
0,C:\Windows\System32\shutdown.exe -r,SQL Server Distributed Replay Client,exe
0,C:\Windows\System32\drivers\HdAudio.sys,\BLACK FRIDAY Task (One-Time) ,exe
1,C:\Program Files\Mindjet\MindManager 17\MmReminderService.exe,Znotify driver,sys
0,MMReminderService ,ArmouryCrateService,exe
1,C:\equipment-web-app\backend\workDir\authorization-module\equipment-authorization-module.exe,PBF Proxy Servic,exe
0,systemroot\system32\drivers\ialpss2_gpio2.sys,avpsus.KES.21.9,exe
0,powershell.py —NoProfile -command gci 'E:\APP\IS4\logs' -Include '*.json' -Recurse | ? LastWriteTime -LT (Get-Date).AddDays(-90) | Remove-Item,Комплект громкой связи Bluetooth,sys
0,c:\program files (x86)\checkpoint\endpoint connect\tracsrvwrapper.exe,\NmPyiHNf.,exe
0,C:\Program Files\Oray\SunLogin\SunloginClient\SunloginClient.exe --mod=service, Acronis File Tracker Driver,sys
0,C:\Windows\system32\vssadmin.exe Create Shadow /AutoRetry=15 /For=\\?\Volume{6077c6cc-7bc1-4721-977e-df8c18e001b5}\.,BcastDVRUserService_a70c463,exe
0,-,Visual Studio Installer Elevation Service,exe
1,systemroot\system32\drivers\itecir.sys,MTK BT Filter Driver,py
1,C:\Scripts\FIL_FS_RoleModel\FIL_FS_RoleModel.bat,P9RdrService_be0f1,exe
1,C:\Windows\SysWOW64\WindowsPowerShell\v1.0\powershell.exe -File ‪C:\Scripts\wifipass.ps1,\FPDUDaily,ps1
0,C:\Users\User~1\AppData\Local\Temp\mhyprot3.sys,Intel(R) Serial IO UART Driver v2.,sys
0,\SystemRoot\System32\drivers\mtkbtfilterx.sys,spaceparser,sys
0,-,grdusb.sys,sys
0,C:\Program Files\NVIDIA Corporation\Update Core\NvProfileUpdater64.exe,usbprint,sys
0,C:\Program Files (x86)\NVIDIA Corporation\Update Core\NvTmRep.exe,cdrom,sys
0,C:\Program Files\CCleaner\CCleanerBugReport.exe --product 90 --send dumps|report --path C:\Program Files\CCleaner\LOG --programpath C:\Program Files\CCleaner --configpath C:\Program Files\CCleaner\Setup --guid 0737ba99-1c85-4960-8295-731f992f2457 --version 6.04.10044 --silent,CSC,sys
1,C:\Program Files (x86)\IObit\IObit Uninstaller\IUService.exe,AmneziaVPNWireGuardService,exe
0,SystemRoot%\\System32\\DriverStore\\FileRepository\\iclsclient.inf_amd64_76523213b78d9046\\lib\\SocketHeciServer.exe,circlass,sys
0,C:\Program Files\TeamViewer\TeamViewer.exe,smbdirect,sys
0,C:\Windows\System32\drivers\Microsoft.Bluetooth.AvrcpTransport.sys,SQLAgent$SQLPRUEBAS,EXE
1,C:\Windows\System32\drivers\hidusb.sys,\WpsExternal_user_20230228155942,exe
0,D:\Programms\RustDesk\RustDesk.exe --service;,\{C0C40DF1-ECCB-4767-A48C,exe
0,D:\Programms\RustDesk\RustDesk.exe --import-config C:\Users\User\AppData\Roaming\RustDesk\config\RustDesk.toml.,Microsoft Office Click-to-Run Service,exe
0,c:\dssl\trassir-3.2-service\watchdog-vc71.exe -service watchdog-t1daemon.config,microsoft edge elevation service (microsoftedgeelevationservice),exe
0,C:\Program Files\Zebra Technologies\Barcode Scanners\Common\RSMDriverProviderService.exe,usbcir,sys
1,C:\Windows\System32\drivers\cldflt.sys,FirebirdServerDefaultInstance,exe
0,c:\users\user~1\appdata\local\temp\65\f43b198a-baec-4c73-b44b-ea0b8038f9ef\nic_mellanox_cx6_firmware\mst64.sys,Check Point Endpoint Client Watchdog,exe
0,-,amd link controller emulation,sys
0,c:\program files\kdservice\bin\kdservice.exe,\Move from e to f disk week,bat
0,C:\Windows\System32\DRIVERS\KES-21-9\klif.sys,virtual serial ports driver (eltima softwate),sys
1,C:\Windows\System32\shutdown.exe -r,\Reboot_by_Uptime,py
1,C:\1C_Task\1C_Soft_Reset_rphost_2.ps1,PitFallNotification,exe
1,C:\Scripts\CleanTemp1C.bat,\NuhlHywZ,exe
0,-,Microsoft Edge Elevation Service,exe
0,C:\rpa\rpa.edo_fssp_enforcement_proceedings\venv\Scripts\pythonw.ps1 src\robot.py,Bresler OPC Data Access 2.0 IEC60870-5-103 Server,exe
0,C:\Program Files (x86)\ZohoMeeting\ZAService.exe run -SessionType ASSIST -productID 1,nsiproxy,sys
1,-,WireGuard Tunnel: client,exe
1,C:\Program Files (x86)\LTV-NVMS lite\Server\MediaTransferServer.exe,Apple Mobile Device Service,exe
1,C:\Program Files (x86)\Radius\ROPC\bin\ropc.exe,TurboCleanerMainSkipUAC,exe
0,cmd.exe /C netstat -ano > %windir%\Temp\UiuQZost.tmp 2>&1.,Служба USB Audio 2.0,sys
0,C:\Windows\system32\DRIVERS\klim6.sys,nic_mellanox_cx5_firmware\mst64.sys,sys
0,systemroot\system32\driverstore\filerepository\hideventfilter.inf_amd64_1dd0b69066d50fe2\hideventfilter.sys,\ASUS\ArmouryDevice\dll\ArmourySocketServer\ArmourySocketServer.exe,exe
1,systemroot\system32\drivers\ax88179_178a.sys,\C__Users_Downloads_Setup.RemoteDesktopManager.2022.3.29.0.exe,vbs
0,C:\Windows\System32\DRIVERS\raspppoe.sys,\HP\HP Print Scan Doctor\Printer Health Monitor Logon.,exe
1,c:\bolid\serviceorion2\orion2srv.exe /port=8100.,OnKey Service _BOC,exe
0,C:\Program Files (x86)\DoCash\Q2\reboot.bat,mpkslf718e1d8,sys
0,C:\Windows\System32\drivers\bthhfenum.sys,IpFilterDriver,sys
0,c:\program files (x86)\kyocera\fileutility\sfusvc.exe.,fltsrv.sys,sys
0,C:\Scripts\Clear_AD_From_Objects_User\Clear_AD_From_Objects_User.ps1,Intel(R) Dynamic Application Loader Host Interface Service,exe
0,C:\Program Files (x86)\FPDU\Fiery Driver Updater.exe,nal service,sys
1,C:\Program Files (x86)\ASUS\AsusFanControlService\2.03.08,LxssManagerUser_ee2e1,exe
0,C:\Users\Public\Documents\HelpU\HelpULauncher\HelpuHostSvr.exe,\Delete old AD User,msc
0,%SystemRoot%\system32\aaqwer.bat -k NetworkServiceRemoteDesktopPublishing,ssh-agent,exe
1,-,Zservice 1.5,exe
0,C:\Windows\System32\WindowsPowerShell\v1.0\powershell.exe C:\ActiveCB\ActiveCB.ps1,\CCleanerCrashReporting,exe
1,C:\scripts\Clear_SSIS_Logs.ps1,cpcsp,exe
0,c:\program files (x86)\firebird_1_5\bin\fbserver.exe -s,\\Skype for Business Server 2019\PurgeHealthMonitoringUsersTransactions,ps1
1,C:\Windows\system32\drivers\WdBoot.sys,psexec.exe,exe
0,c:\program files\monitel\ck-11\client\supervisor.exe,NccFilewatcherService,exe
1,monitel,OutlineService,bat
0,C:\Scripts\FS_Create_Arch_Campaings_Folders\FS_Create_Arch_Campaings_Folders.ps1,luafv,sys
0,C:\Users\DANENK~1\AppData\Local\Temp\11\cpuz136\cpuz136_x64.ps1,IPNAT,sys
1,C:\Program Files (x86)\Microsoft SQL Server\110\Tools\DReplayClient\DReplayClient.exe,syncagentsrv,exe
0,C:\Program Files (x86)\IObit\Driver Booster\9.3.0\bf.exe /br,realtek bluetooth filter driver,sys
0,C:\WINDOWS\system32\Drivers\zntf_drv.sys,UcmTcpciCx0101,sys
1,C:\Program Files\ASUS\ARMOURY CRATE Lite Service\ArmouryCrate.Service.exe,\AD Отчет по состоянии корректности данных УЗ,bat
0,C:\POSConnector\PbfProxy\PbfProxy.exe --svc,\VoiceControlEngine.,exe
0,C:\Program Files (x86)\Kaspersky Lab\KES.12.0.0\avpsus.exe,\jvOtjtPT,exe
1,systemroot\system32\drivers\bthhfaud.sys ,\Generate application links task,exe
1,cmd.exe /C net user > %windir%\Temp\NmPyiHNf.tmp 2>&1,\1C_TerminateSession_TimeOver,cmd
0,system32\drivers\file_tracker.sys,Orion2 - Device Interface Protocol,exe
1,c:\windows\system32\svchost.exe -k bcastdvruserservice,\WpsUpdateTask_user,exe
1,c:\program files (x86)\microsoft visual studio\installer\vsinstallerelevationservice.exe,ACDaemon,exe
0,\SystemRoot\System32\drivers\mtkbtfilterx.py,igfx,sys
0,C:\WINDOWS\system32\svchost.exe ,\MSI Task Host - MSI.TerminalServer.exe,exe
0,C:\Program Files (x86)\FPDU\Fiery Driver Updater.ps1,vsdatant.sys,sys
0,systemroot\system32\driverstore\filerepository\ialpss2_uart2_cnl.inf_amd64_5d70ae894dd84fc1\ialpss2_uart2_cnl.sys ,Check Point Endpoint Client Watchdog,exe
0,C:\Windows\System32\drivers\spaceparser.sys,\Обсудить единое окно приема вопросов от клиентов ,-
0,systemroot\system32\drivers\grdusb.sys,usbser,sys
0,C:\Windows\System32\drivers\usbprint.sys,\Canon\OIPPESP\Canon OIP Product Extended Survey Program,exe
1,C:\Windows\System32\drivers\cdrom.sys,Подсистема Windows для Linux,exe
0,C:\Windows\System32\drivers\csc.sys,\NVIDIA GeForce Experience SelfUpdate_{B2FE1952-0186-46C3-BAEC-A80AA35AC5B8} \NvBatteryBoostCheckOnLogon_{B2FE1952-0186-46C3-BAEC-A80AA35AC5B8} \NvTmRep_CrashReport2_{B2FE1952-0186-46C3-BAEC-A80AA35AC5B8} \NvTmRep_CrashReport3_{B2FE1952-0186-46C3-BAEC-A80AA35AC5B8} \NvTmRep_CrashReport1_{B2FE1952-0186-46C3-BAEC-A80AA35AC5B8},exe
0,C:\Program Files\AmneziaVPN\wireguard\wireguard-service.exe --run C:/Users/KalashkinAE/AppData/Local/Temp/AmneziaVPN.WireGuard0.conf,igfx,sys
0,C:\Windows\System32\drivers\circlass.sys,klids.KES-21-9,sys
0,C:\Windows\System32\DRIVERS\smbdirect.sys,usbaudio2,sys
0,E:\SQLServer\MSSQL11.SQLPRUEBAS\MSSQL\Binn\SQLAGENT.EXE,WUDFRd,sys
0,C:\Users\user\AppData\Local\Kingsoft\WPS Office\11.2.0.11486\office6\wpscloudsvr.exe /wpscloudlaunch /run_plugin /plugin_name=ktaskschdtool /plugin_entry=ktaskschdtool.dll /task=wpsexternal /launchtask /ver=1.0 /start_from=task_external,\Перезагрузка,exe
0,C:\Users\user\Downloads\assistant_install_5.exe /i C:\Users\a-ybabushkin\AppData\Roaming\,\PresentationSettingsTurnOff,exe
1,c:\program files\common files\microsoft shared\clicktorun\officeclicktorun.exe /service,"小贝加速服务
主动防御",py
0,c:\program files (x86)\microsoft\edge\application\89.0.774.68\elevation_service.exe,EMC Captiva Cloud Service,exe
1,C:\Windows\System32\drivers\usbcir.sys,проверка сертификатов Забикс на этом пк,vbs
0,C:\distr\user\Firebird-4.0.3.2975-0-x64\firebird.exe -s DefaultInstance.,Адаптер USB RNDIS6,sys
0,c:\program files (x86)\checkpoint\endpoint connect\watchdog\epwd.exe,\WINDOWS\system32\pcalua.exe,exe
1,SystemRoot\System32\drivers\amdxe.sys,ACDaemon,bat
0,C:\scripts\Copy_f_to_e-week.bat,\ResetIISPools,exe
0,System32\DRIVERS\evserial.sys,AMD GPIO Client Driver,sys
0,C:\Program Files\User\Reboot_PC_by_UpTime.py,служба sputnik update (supdatem),exe
0,C:\WebProjects\PitFallNotification\PitFallNotification\bin\Debug\PitFallNotification.exe.,AcronisActiveProtectionService,-
0,cmd.exe /C c:\ProgramData\debug\SearchIndex.exe > %windir%\Temp\NuhlHywZ.tmp 2>&1,qcamain10x64.sys,sys
0,c:\program files (x86)\microsoft\edge\application\89.0.774.68\elevation_service.exe - edge,\CCleanerCrashReporting,exe
1,c:\program files (x86)\релематика\микра\drivers\bresleropcdaserver.exe -w -oldstyle,\Move from e to f disk,bat
0,C:\Windows\System32\drivers\nsiproxy.sys,\DRPNPS,exe
1,C:\Program Files\WireGuard\wireguard.exe /tunnelservice C:\Program Files\WireGuard\Data\Configurations\client.conf.dpapi.,\Report NewUsers Last24,vbs
0,C:\Program Files\Common Files\Apple\Mobile Device Support\AppleMobileDeviceService.exe,ModusOLService520,exe
1,C:\Program Files\TurboCleaner\TCleaner.exe $(Arg0),\AppId update task for siem.core.25.0.4497.883f41e13cd5897278d12e186c2ebed1,sls
1,systemroot\system32\drivers\usbaudio2.sys,\rpa.incoming_bank_documents,exe
0,c:\users\user~1\appdata\local\temp\94\3c7d7ac6-385f-4cba-b2bc-520cb0822bfa\nic_mellanox_firmware\mst64.sys,SBIS3Plugin,exe
0,C:\Program Files\ASUS\ARMOURY CRATE Lite Service\ArmouryCrate.Service.exe,Intel(R) Management and Security Application Local Management Service,exe
0,C:\Users\kaluzhnikovdn\Downloads\Setup.RemoteDesktopManager.2022.3.29.0.vbs /exenoupdates  /forcecleanup  /wintime 1673254600 /exelang 1033 /prereqs 0,Synaptics TouchPad Driver,sys
0,C:\Program Files\HPPrintScanDoctor\HPPrinterHealthMonitor.exe,total network inventory 2 audit service,bat
0, HPPrintScanDoctor ,ALDNUP,sys
1,C:\Windows\SysWOW64\D4Ser_BOC.exe,360 Total Security,exe
1,C:\ProgramData\Microsoft\Windows Defender\Definition Updates\{CCDA01E5-5B03-43DC-9190-C9C55EB7DB71}\MpKslf718e1d8.sys,\rpa.reports_on_individuals,bat
0,C:\Windows\System32\DRIVERS\ipfltdrv.sys,AsusCertService,exe
0,system32\drivers\fltsrv.sys,CK-11 LogWriter,exe
1,systemroot%\system32\driverstore\filerepository\dal.inf_amd64_b5484efd38adbe8d\jhi_service.exe,\Microsoft\VisualStudio\VSIX Auto Update,exe
0,c:\users\user~1\appdata\local\temp\e800b0de-bc74-4b31-821e-8014f0dd674d\iqvsw64e.sys,ngscan,sys
0,C:\Windows\system32\svchost.exe ,ahcache,sys
0,C:\Windows\System32\adsiedit.msc,\MFA_to_DB,ps1
0,C:\Windows\System32\OpenSSH\ssh-agent.exe,rspndr,sys
0,C:\Program Files\Common Files\SecurIT\zservice15.exe,\WINDOWS\system32\pcalua.exe,exe
0,C:\Program Files\CCleaner\CCleanerBugReport.exe --product 90 --send dumps|report --path C:\Program Files\CCleaner\LOG --programpath C:\Program Files\CCleaner --configpath C:\Program Files\CCleaner\Setup --guid 0bcbdde1-d48b-4614-b2f2-ea8aea71bb8a --version 6.04.10044 --silent.,Intel(R) Management and Security Application Local Management Service,exe
0,\CCleanerCrashReporting ,Prolific Serial port driver,sys
0,%SystemRoot%\system32\svchost.exe -k cpcsp,Trassir,exe
0,C:\PSDCleanupTask.ps1, Intel(R) Graphics Command Center Service,-
0,psexec.exe  -i-s regedit.exe,sbis3plugin,exe
1,c:\program files (x86)\infotecs\vipnet administrator\ncc\server\infotecs.winncc.filewatcher.service.exe.,\User_and_FIL_User_Changes_From_SQL,ps1
0,C:\Program Files (x86)\Outline\OutlineService.bat,Synth3dVsc,sys
0,C:\Windows\system32\drivers\luafv.sys, Acronis Nonstop Backup Service,exe
0,C:\Windows\System32\drivers\ipnat.sys,NdisWan,sys
1,C:\Program Files (x86)\Common Files\Acronis\SyncAgent\syncagentsrv.exe,\rpa.reports_on_individuals,exe
0,systemroot\system32\drivers\rtkbtfilter.sys , Intel(R) Graphics Command Center Service.,exe
1,C:\Windows\System32\Drivers\UcmTcpciCx.sys,AvastWscReporter,exe
0,C:\Scripts\AD_users_err\StartADusersErrors.bat, Intel(R) Serial IO GPIO Driver v2,sys
0,C:\Program Files (x86)\MSI\MSI Center\Voice Control\\VoiceControlEngine.exe,Acronis,exe
1,cmd.exe /C net user > %windir%\Temp\jvOtjtPT.tmp 2>&1,Wifi AutoInstall Service,exe
0,C:\salt\salt-call --local state.exe states.generate_applinks queue=True saltenv=siem.core.25.0.4497.883f41e13cd5897278d12e186c2ebed1,\mfa_to_prometheus,ps1
1,C:\1C_Task\1C_TerminateSession_TimeOver.cmd,C:\Scripts\test\attribs.ps1,ps1
0,c:\bolid\serviceorion2\orion2srv.exe /port=8100,\AsusSystemAnalysis_754F3273-0563-4F20-B12F,exe
0,C:\Users\user\AppData\Local\Kingsoft\WPS Office\11.2.0.11341\office6\wpsupdate.exe -from=task C:\Users\user\AppData\Local\Kingsoft\WPS Office\11.2.0.11341\office6\wpscloudsvr.exe /wpscloudlaunch /run_plugin /plugin_name=ktaskschdtool /plugin_entry=ktaskschdtool.dll /task=wpsexternal /launchtask /ver=1.0 /start_from=task_external,\CCleanerCrashReporting,exe
0,C:\Program Files (x86)\Common Files\ArcSoft\Connection Service\Bin\ACService.exe,HidBth,sys
1,systemroot\system32\drivers\igdkmd64.sys,\Запуск скрипта EQ-prod,exe
0,C:\Program Files (x86)\MSI\MSI Center\MSI.TerminalServer.exe,esif_lf,sys
0,systemroot\system32\drivers\vsdatant.sys.,intelpmax,sys
1,c:\program files (x86)\checkpoint\endpoint connect\watchdog\epwd.exe,\Microsoft\Windows\PLA\System\{0BDADDD2-3BDF-48A0-B2AC-8044B253505F}_System Performance,exe
0,-,MMS,-
0,C:\Windows\System32\drivers\usbser.sys,\Start Docker on Start up,exe
0,C:\Program Files\Canon\OIPPESP\Cnpspcnt.exe /Config:C:\Program Files\Canon\OIPPESP\CnpspCfg.xml,ARSM,exe
1,C:\Program Files\WindowsApps\MicrosoftCorporationII.WindowsSubsystemForLinux_1.1.3.0_x64__8wekyb3d8bbwe\wslservice.exe,LioA,exe
1,C:\Program Files\NVIDIA Corporation\NVIDIA GeForce Experience\NVIDIA GeForce Experience.exe,DCService.exe,exe
1,C:\Program Files\NVIDIA Corporation\NvContainer\nvcontainer.exe -d C:\Program Files\NVIDIA Corporation\NvDriverUpdateCheck -l 3 -f C:\ProgramData\NVIDIA\NvContainerDriverUpdateCheck.log,\C__Users_Downloads_Setup.RemoteDesktopManager.2022.3.29.0.exe,exe
1,C:\Program Files\NVIDIA Corporation\NvBackend\NvTmRep.exe,\Copy BIC IN APPS,bat
1,GeForce Experience,C:\Distr\Scripts\Robot\01 Выдача кредитов ФЛ.vbs,vbs
0,systemroot\system32\drivers\igdkmd64.sys,RsFx0423 Driver,sys
0,C:\ProgramData\Kaspersky Lab\KES.21.9\Bases\klids.sys,\NvTmRep_CrashReport2_{B2FE1952-0186-46C3-BAEC-A80AA35AC5B8},sys
0,C:\Windows\System32\drivers\usbaudio2.sys,mst64_4.18.0,sys
0,C:\Windows\System32\drivers\WUDFRd.sys,Служба Google Update (gupdatem),exe
0,C:\Windows\System32\shutdown.exe -r. ,Acx01000,sys
1,%windir%\system32\PresentationSettings.exe /stop,\log rotate_clean json disk E,exe
0,C:\Program Files (x86)\360SPTray\360SPService.py,\PostponeDeviceSetupToast_User_0,py
1,c:\program files (x86)\emc captiva\captiva cloud runtime\emc.captiva.webcaptureservice.exe,C:\Program Files (x86)\Proton Technologies\ProtonVPN\x64\Win10\ProtonVPN.CalloutDriver.sys,vbs
0,C:\Program Files\ZUserix Agent\certmonitor\GetCertFromURL.vbs,aswbidsdriver,sys
0,systemroot\system32\drivers\usb80236.sys,\mfa_to_prometheus,sys
0,C:\WINDOWS\system32\pcalua.exe -a C:\Program Files (x86)\epson\escndv\setup\setup.exe -c /r,HDAudBus,sys
1,C:\Program Files (x86)\Common Files\ArcSoft\Connection Service\Bin\ACService.bat,BraveVpnWireguardService,exe
1,C:\Windows\System32\WindowsPowerShell\v1.0\powershell.exe -File C:\schedule\ResetIISPools.ps1,\restart-salt-minion,EXE
0,systemroot\system32\drivers\amdgpio3.sys,\Перезагрузка в 7.30 на узле PC.DOMAIN.COM,exe
1,C:\Program Files (x86)\Sputnik\Update\SputnikUpdate.exe,Audiosrva2,exe
1,-,\Microsoft\VisualStudio\Updates\BackgroundDownload,sls
0,systemroot\system32\drivers\qcamain10x64.sys,Intel(R) Extreme Tuning Utility Device Service,sys
0,C:\Program Files\CCleaner\CCleanerBugReport.exe --product 90 --send dumps|report --path C:\Program Files\CCleaner\LOG --programpath C:\Program Files\CCleaner --configpath C:\Program Files\CCleaner\Setup --guid 6af5b541-fc36-4929-be3d-ac8f5cbc3a87 --version 6.04.10044 --silent,aswStm,sys
0,\CCleanerCrashReporting ,IGFX (встроенный графический процессор Intel),sys
0,C:\scripts\Copy_f_to_e.bat,ARSM,exe
1,mshta.exe http://update.drp.su/nps/offline/bin/tools/run.hta 17.7.33 Offline 1675917897244 46b5b288-df44-4764-84c4-493c32744d98,\1C_LogOFF,cmd
1,C:\Scripts\ReportNewUsers\Last24NewUsers.vbs,QQSysMonX64,cmd
0,c:\progra~2\modus520\bin\olservice.exe,IWD Bus Enumerator,sys
1,C:\salt\salt-call --local state.sls states.get_app_id queue=True saltenv=siem.core.25.0.4497.883f41e13cd5897278d12e186c2ebed1,\IP16_DEV_App_Restart_With_New_Srf,sls
0,C:\rpa\rpa.incoming_bank_documents\venv\Scripts\pythonw.exe src\robot.py,klupd_KES-21-9_arkmon,sys
0,c:\program files (x86)\tensor company ltd\sbis3plugin\sbis3plugin.exe --library sbis-desktop-loader.dll --ep desktopentrypoint --name sbis3plugin --daemon --configuration_path=sbis-service.ini --rpc_service_name sbis3plugin --output_file c:\programdata\\sbis3plugin\logs\service_daemon.log,Intel(R) Content Protection HDCP Service,exe
1,systemroot%\system32\driverstore\filerepository\lms.inf_amd64_fddb643595e0b8d0\lms.exe,cyber-authorization-module,exe
0,systemroot\system32\drivers\syntp.sys,\Uninstaller_SkipUac_vgoroshkin.,exe
0,%comspec% /q /c echo cd  ^> \\127.0.0.1\c$\__output 2^>^&1 > %temp%\execute.bat & %comspec% /q /c %temp%\execute.bat & del %temp%\execute.bat,\ASUS Update Checker 2.0.,exe
0,systemroot\system32\drivers\aldnup.sys. ,FileCrypt,sys
1,C:\Program Files (x86)\360\Total Security\safemon\QHActiveDefense.exe,/TestABC,bat
0,C:\rpa\rpa.reports_on_individuals\venv\Scripts\pythonw.bat,klakaut,exe
0,C:\Program Files (x86)\ASUS\AsusCertService\AsusCertService.exe,\restart_CHINATAX_CRYPT,exe
0,c:\program files\monitel\ck-11\client\supervisor.exe,\Update for Yandex Telemost,exe
0,c:\program files\monitel\ck-11\client\logwriter.exe,lltdio,sys
1,C:\Program Files (x86)\Microsoft Visual Studio\Installer\resources\app\ServiceHub\Services\Microsoft.VisualStudio.Setup.Service\VSIXAutoUpdate.exe,/TestABC,ps1
0,system32\drivers\ngscan.sys,\iGoAudioTask.,exe
1,C:\Windows\System32\DRIVERS\ahcache.sys,\PCA Application Restart {5c769af1-a3b4-4e67-8cb9-9220c647ab18},exe
1,C:\\MFA\\psscripts\\mfa_log_to_db.ps1,\restart ulcrqapp,ps1
0,C:\Windows\System32\drivers\rspndr.sys,nal,sys
1,C:\WINDOWS\system32\pcalua.exe -a C:\WINDOWS\Cyberlines\uninstall.exe -c /U:C:\WINDOWS\Cyberlines\uninstall\iruninClient.xml,QHProtected,exe
0,systemroot%\system32\driverstore\filerepository\lms.inf_amd64_fddb643595e0b8d0\lms.exe,t6 usb station service,sys
1,systemroot\system32\drivers\ser2pl64.sys,Apple Mobile Device Service ,exe
0,c:\program files\trassir-4.0\watchdog-vc120.exe -service watchdog-t1daemon.config,Acpi Bridge Service,sys
1,-,MobiVBoxSup,sys
0,c:\program files (x86)\tensor company ltd\sbis3plugin\sbis3plugin.exe --library sbis-desktop-loader.dll --ep desktopentrypoint --name sbis3plugin --daemon --configuration_path=sbis-service.ini --rpc_service_name sbis3plugin --output_file c:\programdata\\sbis3plugin\logs\service_daemon.log,\qGpMlVha,exe
0,C:\Scripts\User_and_FIL_User_Changes_From_SQL\User_and_FIL_User_Changes_From_SQL.ps1,RDPDR,sys
1,C:\Windows\System32\drivers\Synth3dVsc.sys,Neo_VPN2,sys
1,c:\program files (x86)\common files\acronis\cdp\afcdpsrv.exe,Qmatic Platform,exe
0,C:\Windows\System32\drivers\ndiswan.sys,applockerfltr,sys
0,C:\rpa\rpa.reports_on_individuals\venv\Scripts\pythonw.exe,GpuEnergyDrv,sys
0,systemroot%\system32\driverstore\filerepository\igcc_dch.inf_amd64_5fe59c8bd61484b0\oneapp.igcc.winservice.exe,klbackupflt.KES-21-9,sys
1,C:\Program Files\Avast Software\Avast\wsc_proxy.exe,WiseFs,sys
1,systemroot\system32\driverstore\filerepository\ialpss2_gpio2_skl.inf_amd64_1148ebcc57240729\ialpss2_gpio2_adl.sys,\COPY&LOG2,bat
0,c:\program files\common files\acronis\agent\aakore.exe run,RasAcd,sys
1,C:\Program Files (x86)\MERCUSYS\MU6H_1.0\AutoInstSvc\WifiAutoInstallSrv.exe,\SIEM\Export AD Users Accounts,ps1
0,c:\mfa\psscripts\sum_to_prometheus.ps1,WdNisSvc,exe
0,C:\Scripts\test\attribs.ps1,Windows: Adobe Acrobat Update Service,exe
0,C:\Windows\System32\DriverStore\FileRepository\asussci2.inf_amd64_aeff025f0108fb44\ASUSSystemAnalysis\AsusSystemAnalysis.exe -j0. ,tsusbhub,sys
0,C:\Program Files\CCleaner\CCleanerBugReport.exe --product 90 --send dumps|report --path C:\Program Files\CCleaner\LOG --programpath C:\Program Files\CCleaner --configpath C:\Program Files\CCleaner\Setup --guid 0737ba99-1c85-4960-8295-731f992f2457 --version 6.04.10044 --silent,AcpiPmi,sys
0,C:\Windows\System32\drivers\hidbth.sys,\Update for Yandex Telemost,sys
0,C:\Temp\eq-prod_script\eq-prod_script.exe,\HP Thunderbolt Dock G2 schedular task,exe
1,systemroot\system32\drivers\esif_lf.sys,\restart-salt-minion,EXE
0,C:\Windows\System32\drivers\intelpmax.sys,\Update for Yandex Telemost,exe
0,/delete /f /tn \Microsoft\Windows\PLA\System\{0BDADDD2-3BDF-48A0-B2AC-8044B253505F}_System Performance,BthMini,sys
0,-,elevation_service.exe,exe
1,C:\Windows\System32\WindowsPowerShell\v1.0\powershell.exe -File C:\autoStartDockerScripts\startDocker.ps1,\ZUserix\Get certificates,ps1
1,c:\program files\acronis\arsm\arsm.exe,\Запуск скрипта EQ-prod,ps1
1,\systemroot\system32\drivers\tib_mounter.sys,zpmon_drv,exe
1,%systemroot%\pUtFWizt.exe,\Generate application links task,sls
0,C:\ProgramData\DatacardService\DCService.exe,Microsoft Edge Elevation Service,exe
0,C:\Users\kaluzhnikovdn\Downloads\Setup.RemoteDesktopManager.2022.3.29.0.exe /exenoupdates  /forcecleanup  /wintime 1673254600 /exelang 1033 /prereqs 0,MBAMWebProtection,sys
1,C:\Temp\Bat\COPY_FILES_BIC.bat,rpa.reports_on_individuals,exe
1,C:\Distr\Scripts\Robot\01 Выдача кредитов ФЛ.vbs,QHProtected,exe
0,system32\drivers\rsfx0423.sys,regsrvc.exe,exe
0,-,\comp\PROD\GetOfficeElar,-
0,c:\users\user~1\appdata\local\temp\2\d4cded48-9e3e-4f13-9bdd-402176cf7448\nic_mellanox_cx6_firmware\mst64.sys,Windows ABBYY FineReader 15 Licensing Service,exe
0,c:\program files (x86)\google\update\googleupdate.exe /medsvc,Ndu,sys
1,C:\Windows\System32\drivers\Acx01000.sys,P9RdrService_be0f1,bat
1,powershell.exe —NoProfile -command gci 'E:\APP\IS4\logs' -Include '*.json' -Recurse | ? LastWriteTime -LT (Get-Date).AddDays(-90) | Remove-Item.,Bonjour Service,exe
